Date,XLB,XLC,XLE,XLF,XLI,XLK,XLP,XLRE,XLU,XLV,XLY
2019-02-07,22.781269073486328,42.366180419921875,22.83951187133789,22.484907150268555,64.72271728515625,31.644262313842773,44.193214416503906,27.19343376159668,22.127073287963867,79.31082916259766,50.302085876464844
2019-02-08,22.759681701660156,42.65532684326172,22.734758377075195,22.37160873413086,64.82025909423828,31.82680892944336,44.39957046508789,27.19343376159668,22.222856521606445,79.4610366821289,50.10099411010742
2019-02-11,22.794227600097656,42.21693801879883,22.84312629699707,22.441335678100586,65.1662368774414,31.812768936157227,44.5151252746582,27.2720890045166,22.21487808227539,79.36383056640625,50.18985366821289
2019-02-12,23.3038387298584,42.70196533203125,23.132097244262695,22.772510528564453,66.17752838134766,32.23408126831055,44.861812591552734,27.083303451538086,22.266765594482422,80.45053100585938,50.961490631103516
2019-02-13,23.33406639099121,42.729957580566406,23.421070098876953,22.833507537841797,66.5678482055664,32.27621078491211,44.9443473815918,27.26422691345215,22.202903747558594,80.62722778320312,51.30757522583008
2019-02-14,23.213144302368164,42.88852310180664,23.50413703918457,22.55462646484375,66.25739288330078,32.33238220214844,44.440834045410156,27.36648941040039,22.166988372802734,80.81275939941406,51.12051010131836
2019-02-15,23.528406143188477,43.075077056884766,23.883419036865234,23.03395652770996,67.14446258544922,32.58984375,44.861812591552734,27.531673431396484,22.234830856323242,82.03197479248047,51.47125244140625
2019-02-19,23.675247192382812,43.12172317504883,23.95566177368164,23.068817138671875,67.11785888671875,32.599185943603516,45.09292984008789,27.563142776489258,22.366544723510742,81.83759307861328,51.681705474853516
2019-02-20,24.081209182739258,42.97247314453125,24.056798934936523,23.21697235107422,67.43720245361328,32.63665008544922,45.010379791259766,27.390087127685547,22.466323852539062,81.74041748046875,51.78459167480469
2019-02-21,23.986194610595703,42.57139205932617,23.684749603271484,23.0949649810791,67.16221618652344,32.65068817138672,45.1424446105957,27.43728256225586,22.629962921142578,81.02478790283203,51.681705474853516
2019-02-22,24.089847564697266,42.97247314453125,23.753381729125977,23.060104370117188,67.60576629638672,33.06731414794922,44.92783737182617,27.594615936279297,22.769651412963867,81.76692962646484,51.962310791015625
2019-02-25,24.24532127380371,43.01912307739258,23.79311752319336,23.155967712402344,67.87188720703125,33.22647476196289,44.68021011352539,27.36648941040039,22.621976852416992,81.88179779052734,51.78926467895508
2019-02-26,24.107118606567383,43.01912307739258,23.717262268066406,23.086246490478516,67.68560791015625,33.29668426513672,44.7049674987793,27.311426162719727,22.59404182434082,81.59022521972656,51.85942459106445
2019-02-27,24.068256378173828,42.80457305908203,23.807565689086914,23.17340087890625,67.95175170898438,33.263919830322266,44.638938903808594,27.224897384643555,22.621976852416992,81.2103271484375,51.82200622558594
2019-02-28,23.77458381652832,42.83256149291992,23.569162368774414,23.112390518188477,67.72108459472656,33.170291900634766,44.85354232788086,27.303558349609375,22.753686904907227,80.97180938720703,51.5413932800293
2019-03-01,23.744352340698242,43.168357849121094,24.002613067626953,23.260549545288086,67.7831802368164,33.394996643066406,44.77101516723633,27.2720890045166,22.801584243774414,82.12030792236328,51.957618713378906
2019-03-04,23.852312088012695,43.22432327270508,24.045963287353516,23.112390518188477,67.48155212402344,33.26860046386719,44.69672393798828,27.382225036621094,22.841493606567383,81.00714874267578,51.7939338684082
2019-03-05,23.74003028869629,43.49482727050781,23.966501235961914,23.02524185180664,67.04689025878906,33.170291900634766,44.66370391845703,27.46088218688965,22.813556671142578,80.96295166015625,51.92488479614258
2019-03-06,23.791854858398438,43.47616195678711,23.6630802154541,22.877084732055664,66.41704559326172,32.99708938598633,44.59767532348633,27.390087127685547,22.813556671142578,79.77909851074219,51.681705474853516
2019-03-07,23.597509384155273,43.09371566772461,23.522205352783203,22.64177703857422,66.01786041259766,32.683467864990234,44.30877685546875,27.36648941040039,22.889389038085938,79.15181732177734,51.055023193359375
2019-03-08,23.636375427246094,43.065757751464844,23.081523895263672,22.633060455322266,65.88479614257812,32.67877197265625,44.33352279663086,27.390087127685547,22.969209671020508,78.98394012451172,50.69960021972656
2019-03-11,23.973234176635742,43.83995056152344,23.44274139404297,22.868375778198242,66.44367218017578,33.380950927734375,44.91133117675781,27.81486701965332,23.132844924926758,79.88510131835938,51.39641571044922
2019-03-12,24.063936233520508,44.03581619262695,23.59444808959961,22.920658111572266,65.89366912841797,33.57756042480469,44.92783737182617,27.964311599731445,23.292497634887695,80.46820068359375,51.5413932800293
2019-03-13,24.180540084838867,44.166412353515625,23.832847595214844,23.077526092529297,66.47029876708984,33.79755401611328,45.18373107910156,28.098047256469727,23.316444396972656,81.33403778076172,51.72380065917969
2019-03-14,23.99915313720703,43.97053146362305,23.85813331604004,23.16468048095703,66.24850463867188,33.86777114868164,45.1424446105957,28.168840408325195,23.312458038330078,81.20149230957031,51.569461822509766
2019-03-15,24.029081344604492,43.93596649169922,23.848669052124023,23.32673454284668,66.0147476196289,34.27775192260742,45.3980712890625,28.053335189819336,23.39688491821289,81.57479858398438,51.900291442871094
2019-03-18,24.085468292236328,43.56220626831055,24.179946899414062,23.563243865966797,66.65713500976562,34.4233283996582,45.46446990966797,27.910932540893555,23.308435440063477,81.45069122314453,52.40239334106445
2019-03-19,24.055105209350586,43.6369514465332,24.114423751831055,23.379291534423828,66.41626739501953,34.493778228759766,45.43128204345703,27.83182144165039,23.04306411743164,82.09805297851562,52.66518783569336
2019-03-20,24.033416748046875,44.02940368652344,24.3255672454834,22.897512435913086,65.96121215820312,34.39986038208008,45.24038314819336,27.958402633666992,23.103370666503906,81.53048706054688,52.74027633666992
2019-03-21,24.289323806762695,44.60874557495117,24.496667861938477,22.827442169189453,66.59468078613281,35.26396942138672,45.771549224853516,28.456811904907227,23.3486385345459,81.84974670410156,53.46292495727539
2019-03-22,23.564979553222656,43.88923645019531,23.834104537963867,22.196752548217773,65.08686065673828,34.4327392578125,45.71345138549805,28.32232093811035,23.51751708984375,80.35995483398438,52.40239334106445
2019-03-25,23.5216064453125,43.81449508666992,23.845033645629883,22.100399017333984,65.23851776123047,34.2824592590332,45.804744720458984,28.34605598449707,23.537612915039062,80.31558227539062,52.71211242675781
2019-03-26,23.66474151611328,44.02940368652344,24.187232971191406,22.36318588256836,65.67571258544922,34.47031021118164,46.194828033447266,28.52010154724121,23.706485748291016,80.86542510986328,52.93735885620117
2019-03-27,23.634380340576172,43.71170425415039,24.016130447387695,22.26682472229004,65.7470703125,34.27306365966797,46.03713607788086,28.4251651763916,23.54163932800293,80.19145965576172,52.82942581176758
2019-03-28,23.8642578125,43.608917236328125,24.10714340209961,22.45954132080078,66.22888946533203,34.41395568847656,46.2612190246582,28.662504196166992,23.26420021057129,80.39540100097656,53.14851760864258
2019-03-29,24.07245635986328,43.702362060546875,24.07073402404785,22.520856857299805,66.94266510009766,34.7520751953125,46.568302154541016,28.654592514038086,23.388851165771484,81.36201477050781,53.42539978027344
2019-04-01,24.432456970214844,44.36579513549805,24.3874568939209,23.07270622253418,68.32556915283203,35.22639846801758,46.41060256958008,28.56757164001465,23.22801399230957,81.48614501953125,54.01197052001953
2019-04-02,24.514867782592773,44.599395751953125,24.219999313354492,23.055187225341797,68.298828125,35.3484992980957,46.028831481933594,28.812814712524414,23.260183334350586,81.2999267578125,54.00258255004883
2019-04-03,24.835834503173828,44.7675895690918,23.987003326416016,23.12527084350586,68.0936050415039,35.63496398925781,45.804744720458984,28.78117561340332,23.223989486694336,81.19353485107422,54.38268280029297
2019-04-04,25.087400436401367,45.01988220214844,24.187232971191406,23.26541519165039,68.512939453125,35.48469543457031,45.979042053222656,28.694150924682617,23.143579483032227,81.02503204345703,54.82379913330078
2019-04-05,25.07872772216797,45.150691986083984,24.613168716430664,23.300458908081055,68.709228515625,35.653751373291016,46.13672637939453,28.915664672851562,23.36070442199707,81.58368682861328,55.1475830078125
2019-04-08,25.087400436401367,45.06660079956055,24.722383499145508,23.32673454284668,68.41478729248047,35.789955139160156,46.32761764526367,28.773263931274414,23.195846557617188,81.56597137451172,55.344669342041016
2019-04-09,24.905231475830078,45.18806457519531,24.420223236083984,23.134029388427734,67.48688507080078,35.62088394165039,46.269508361816406,28.686237335205078,23.252140045166016,81.35313415527344,54.84724807739258
2019-04-10,24.892221450805664,45.38429260253906,24.5112247467041,23.204099655151367,67.46905517578125,35.86977005004883,46.40230941772461,28.915664672851562,23.179767608642578,81.3797378540039,55.11004638671875
2019-04-11,24.87920570373535,45.412330627441406,24.529434204101562,23.34425163269043,68.04898071289062,35.822818756103516,46.49359130859375,28.876108169555664,23.296367645263672,80.37767791748047,55.18042755126953
2019-04-12,25.208850860595703,45.804786682128906,24.59496307373047,23.773473739624023,68.95011138916016,36.071712493896484,46.64299774169922,29.034332275390625,23.404930114746094,79.64163208007812,55.52298355102539
2019-04-15,25.091737747192383,45.767398834228516,24.449342727661133,23.624563217163086,68.56647491455078,36.057621002197266,46.916866302490234,28.86028480529785,23.40090560913086,79.96089935302734,55.63560104370117
2019-04-16,25.20451545715332,45.81412124633789,24.60952377319336,23.957426071166992,68.98580169677734,36.24077606201172,46.9251708984375,28.179916381835938,23.111412048339844,78.32035827636719,55.87962341308594
2019-04-17,25.04836654663086,45.89822006225586,24.576759338378906,24.01874351501465,69.07502746582031,36.442718505859375,47.157562255859375,27.88719940185547,23.0229549407959,76.06793975830078,55.98755645751953
2019-04-18,25.07872772216797,45.92626190185547,24.46026611328125,23.94866943359375,69.86910247802734,36.54603958129883,47.199058532714844,28.108713150024414,23.03502082824707,76.19210815429688,55.968788146972656
2019-04-22,24.909568786621094,46.13182830810547,24.977210998535156,23.878591537475586,69.65499114990234,36.630558013916016,47.215660095214844,27.800172805786133,23.014915466308594,76.23641967773438,55.75761413574219
2019-04-23,25.0223445892334,46.74852752685547,24.937162399291992,24.02750587463379,70.26168060302734,37.029747009277344,47.06626892089844,28.11662483215332,23.079246520996094,77.44243621826172,56.423973083496094
2019-04-24,24.866193771362305,46.533626556396484,24.500314712524414,24.001224517822266,70.05644989013672,37.04383087158203,47.16585922241211,28.314407348632812,23.22801399230957,77.353759765625,56.4755859375
2019-04-25,24.549570083618164,47.056888580322266,24.42386245727539,24.04502296447754,68.64676666259766,37.03445053100586,46.86707305908203,28.282766342163086,23.324514389038086,78.1518783569336,56.179954528808594
2019-04-26,24.753421783447266,47.43065643310547,24.10714340209961,24.264015197753906,69.16423797607422,36.8935546875,47.29035186767578,28.472640991210938,23.36070442199707,78.9322280883789,56.625755310058594
2019-04-29,24.705711364746094,47.86048126220703,24.085298538208008,24.509275436401367,69.32483673095703,36.90294647216797,47.348445892333984,28.179916381835938,23.223989486694336,78.79034423828125,56.42866897583008
2019-04-30,24.91824722290039,46.78591537475586,24.06709861755371,24.5443172454834,69.6014633178711,36.96399688720703,47.89620590209961,28.504274368286133,23.60597038269043,79.15393829345703,56.344207763671875
2019-05-01,24.467159271240234,46.54296875,23.58655548095703,24.34284782409668,69.14641571044922,36.87007141113281,47.306941986083984,28.504274368286133,23.364721298217773,79.01201629638672,55.65907287597656
2019-05-02,24.34136962890625,46.356082916259766,23.17518424987793,24.369129180908203,69.11071014404297,36.677528381347656,47.29035186767578,28.559654235839844,23.312456130981445,79.34902954101562,55.70130920410156
2019-05-03,24.579927444458008,46.80459976196289,23.389968872070312,24.58811378479004,69.94939422607422,37.025054931640625,47.6472282409668,28.757436752319336,23.441118240356445,79.95203399658203,56.35826873779297
2019-05-06,24.22859764099121,46.7298469543457,23.41181182861328,24.421682357788086,69.28024291992188,36.73858642578125,47.57252883911133,28.638778686523438,23.312456130981445,80.35995483398438,56.01572036743164
2019-05-07,23.803539276123047,45.97298049926758,23.20794677734375,24.01874351501465,67.87947845458984,35.94961929321289,47.09946823120117,28.148265838623047,23.24007797241211,78.81695556640625,55.166343688964844
2019-05-08,23.781848907470703,45.89822006225586,23.20794677734375,23.966188430786133,67.87947845458984,35.9073486328125,47.09115982055664,28.148265838623047,22.922439575195312,78.98543548583984,55.18513107299805
2019-05-09,23.59534454345703,45.75806427001953,23.20794677734375,23.913631439208984,67.78133392333984,35.663150787353516,46.991573333740234,28.243209838867188,22.8942928314209,78.81695556640625,54.95988082885742
2019-05-10,23.91630744934082,45.88887405395508,23.31715965270996,24.071300506591797,68.04898071289062,35.7758674621582,47.56422805786133,28.56757164001465,23.304410934448242,78.84354400634766,55.03965759277344
2019-05-13,23.37847328186035,44.46857452392578,22.91670799255371,23.370534896850586,66.11290740966797,34.42803955078125,47.11605453491211,28.56757164001465,23.553699493408203,77.36262512207031,53.401920318603516
2019-05-14,23.57799530029297,44.72087097167969,23.19702911376953,23.554485321044922,66.79989624023438,34.98219680786133,47.34013748168945,28.6704158782959,23.39688491821289,77.75279998779297,53.941585540771484
2019-05-15,23.517271041870117,45.72068405151367,23.31715965270996,23.466890335083008,66.88911437988281,35.36259841918945,47.713626861572266,28.86028480529785,23.3566837310791,77.98336791992188,54.30760955810547
2019-05-16,23.846908569335938,46.12248229980469,23.4445743560791,23.703397750854492,67.50474548339844,35.686622619628906,48.08710479736328,29.026418685913086,23.51349449157715,78.59528350830078,54.809715270996094
2019-05-17,23.703781127929688,45.786102294921875,23.20794677734375,23.545719146728516,66.75529479980469,35.4001579284668,47.929412841796875,28.986858367919922,23.63411521911621,78.4267807006836,54.39207458496094
2019-05-20,23.365459442138672,45.02922439575195,23.2188663482666,23.572010040283203,66.58576965332031,34.78495407104492,47.813209533691406,28.52010154724121,23.666278839111328,78.39129638671875,54.00727462768555
2019-05-21,23.725460052490234,45.52445983886719,23.488264083862305,23.81727409362793,67.37089538574219,35.212310791015625,47.713626861572266,28.757436752319336,23.71051025390625,79.12731170654297,54.38268280029297
2019-05-22,23.560644149780273,45.47773742675781,23.124217987060547,23.677122116088867,66.81774139404297,35.029151916503906,47.929412841796875,28.89192771911621,23.88742446899414,79.57957458496094,53.82426452636719
2019-05-23,23.200641632080078,44.84233474731445,22.348796844482422,23.34425163269043,65.80062103271484,34.41395568847656,47.91281509399414,29.034332275390625,24.092485427856445,79.30467224121094,53.157920837402344
2019-05-24,23.33076286315918,44.83299255371094,22.432525634765625,23.528209686279297,65.82737731933594,34.4233283996582,47.73851776123047,29.073884963989258,24.056293487548828,79.41996002197266,53.228302001953125
2019-05-28,23.09654426574707,45.02922439575195,22.19953727722168,23.256656646728516,65.2206802368164,34.32472610473633,46.95836639404297,28.773263931274414,23.662260055541992,78.28487396240234,52.87635040283203
2019-05-29,23.10088348388672,44.59003829956055,22.057559967041016,23.21286964416504,64.92626190185547,34.122798919677734,46.618099212646484,28.44099235534668,23.3486385345459,77.53111267089844,52.40709686279297
2019-05-30,23.139917373657227,44.69282913208008,21.777244567871094,23.134029388427734,65.17608642578125,34.334129333496094,46.81728744506836,28.61503028869629,23.312456130981445,77.95674896240234,52.749656677246094
2019-05-31,22.87967872619629,44.00136947631836,21.395000457763672,22.78364372253418,64.28385925292969,33.761173248291016,46.153324127197266,28.852380752563477,23.4210147857666,77.39807891845703,52.05982971191406
2019-06-03,23.599679946899414,42.618438720703125,21.668033599853516,22.93255615234375,64.72102355957031,33.16945266723633,46.734283447265625,28.9631290435791,23.654220581054688,77.5843276977539,51.6234245300293
2019-06-04,24.2633056640625,43.53417205810547,22.042997360229492,23.554485321044922,66.26457977294922,34.27775192260742,47.157562255859375,28.804906845092773,23.674320220947266,78.87015533447266,53.021827697753906
2019-06-05,24.441131591796875,43.5528450012207,21.79908561706543,23.703397750854492,66.90697479248047,34.72390365600586,47.69704055786133,29.461538314819336,24.18093490600586,79.46428680419922,53.28461456298828
2019-06-06,24.731735229492188,43.73973083496094,22.20317840576172,23.79099464416504,67.02295684814453,35.127784729003906,48.194984436035156,29.51692008972168,24.32970428466797,79.87223052978516,53.55677795410156
2019-06-07,24.952938079833984,44.44989013671875,22.305110931396484,23.755958557128906,67.55827331542969,35.780555725097656,48.65976333618164,29.611860275268555,24.148773193359375,80.70577239990234,54.3310661315918
2019-06-10,24.99631690979004,44.412506103515625,22.370643615722656,23.957426071166992,67.64750671386719,36.14685821533203,48.67636489868164,29.509010314941406,23.983922958374023,80.94522857666016,54.79094696044922
2019-06-11,24.978975296020508,44.599395751953125,22.414321899414062,23.966188430786133,67.06754302978516,36.14685821533203,48.83405685424805,29.56439208984375,23.839174270629883,80.81217956542969,55.002105712890625
2019-06-12,25.061378479003906,44.38447570800781,22.097606658935547,23.729677200317383,67.21031188964844,35.94492721557617,48.90875244140625,29.675134658813477,24.148773193359375,81.202392578125,54.98802947998047
2019-06-13,25.208850860595703,44.87971496582031,22.3560791015625,23.808513641357422,67.54935455322266,36.05293273925781,49.016639709472656,29.71469497680664,24.1970272064209,81.10484313964844,55.48075866699219
2019-06-14,25.100414276123047,44.96380615234375,22.210460662841797,23.861068725585938,67.28168487548828,35.73828887939453,49.041542053222656,29.841289520263672,24.450334548950195,80.91862487792969,55.602760314941406
2019-06-17,24.87053108215332,45.47773742675781,22.396127700805664,23.64208221435547,67.04971313476562,35.766475677490234,48.900447845458984,30.165645599365234,24.381975173950195,81.28221893310547,55.62623596191406
2019-06-18,25.065715789794922,45.73003005981445,22.7055606842041,23.957426071166992,68.35234069824219,36.41454315185547,48.63486099243164,30.078615188598633,24.281455993652344,81.97388458251953,56.04856491088867
2019-06-19,24.926916122436523,45.786102294921875,22.68008041381836,23.913631439208984,68.298828125,36.54603958129883,48.83405685424805,30.27640151977539,24.466419219970703,82.70990753173828,56.151798248291016
2019-06-20,25.24355125427246,46.07575225830078,23.182462692260742,24.01874351501465,69.44083404541016,37.08140563964844,49.2656135559082,30.458358764648438,24.623226165771484,83.0735092163086,56.54128646850586
2019-06-21,25.163259506225586,46.27058029174805,23.349987030029297,23.96503448486328,69.07074737548828,36.90609359741211,49.10589599609375,30.11785888671875,24.718467712402344,83.47245025634766,56.279483795166016
2019-06-24,25.259254455566406,46.38298034667969,23.140583038330078,23.868194580078125,68.93634796142578,36.97678756713867,49.2313232421875,29.966367721557617,24.726572036743164,83.03608703613281,55.978111267089844
2019-06-25,25.2723388671875,45.52125930786133,22.956897735595703,23.788951873779297,68.41661071777344,36.29813766479492,49.20624923706055,29.559688568115234,24.57661247253418,82.69767761230469,55.44131851196289
2019-06-26,25.228713989257812,45.343299865722656,23.309574127197266,23.744932174682617,68.58686828613281,36.68929672241211,48.503780364990234,28.985553741455078,24.041635513305664,81.65574645996094,55.620243072509766
2019-06-27,25.311620712280273,45.66175842285156,23.136905670166016,23.956226348876953,68.64958953857422,36.78356170654297,48.59577560424805,29.224781036376953,24.074058532714844,82.22566986083984,55.96869659423828
2019-06-28,25.525419235229492,46.10198211669922,23.405094146728516,24.29960060119629,69.37542724609375,36.77884292602539,48.562320709228516,29.320466995239258,24.167278289794922,82.50174713134766,56.12879943847656
2019-07-01,25.72176742553711,46.47665023803711,23.427133560180664,24.59013557434082,69.43814849853516,37.36323165893555,48.85500717163086,29.264652252197266,24.10647964477539,82.91141510009766,56.623226165771484
2019-07-02,25.695592880249023,46.907508850097656,23.052417755126953,24.528507232666016,69.34854125976562,37.46221160888672,49.28151321411133,29.8068790435791,24.43476104736328,83.35667419433594,56.74563980102539
2019-07-03,25.826488494873047,47.151039123535156,23.144254684448242,24.722196578979492,69.73389434814453,37.74968719482422,49.89199447631836,30.237478256225586,24.6049861907959,84.06912994384766,57.24006271362305
2019-07-05,25.708677291870117,47.216609954833984,23.177322387695312,24.792631149291992,69.45606994628906,37.678993225097656,49.674564361572266,30.070024490356445,24.592832565307617,83.49027252197266,57.30599594116211
2019-07-08,25.411970138549805,46.795101165771484,23.210386276245117,24.669370651245117,68.882568359375,37.39152145385742,49.741455078125,30.181659698486328,24.629304885864258,82.86688995361328,57.37662124633789
2019-07-09,25.163259506225586,47.08547592163086,23.228755950927734,24.71338653564453,68.7302474975586,37.523460388183594,49.448768615722656,30.341136932373047,24.661731719970703,82.9470443725586,57.437843322753906
2019-07-10,25.110902786254883,47.61936950683594,23.526325225830078,24.62535285949707,68.5689468383789,37.820377349853516,49.76654052734375,30.50860023498535,24.718467712402344,83.23200225830078,57.64502716064453
2019-07-11,25.219987869262695,47.647457122802734,23.57407569885254,24.766220092773438,69.034912109375,37.961769104003906,49.89199447631836,30.11785888671875,24.726572036743164,83.24982452392578,57.76274871826172
2019-07-12,25.468692779541016,47.9940185546875,23.673269271850586,24.933496475219727,70.24462890625,38.23982620239258,50.03416442871094,29.998260498046875,24.5644588470459,82.3236312866211,58.42669677734375
2019-07-15,25.486148834228516,48.003387451171875,23.460193634033203,24.792631149291992,69.95789337158203,38.367061614990234,50.15122604370117,30.038122177124023,24.661731719970703,82.50174713134766,58.61503601074219
2019-07-16,25.5472354888916,47.890987396240234,23.210386276245117,24.730998992919922,70.40593719482422,38.008888244628906,50.16795349121094,29.990283966064453,24.51987648010254,82.09205627441406,58.539695739746094
2019-07-17,25.32033920288086,47.44139099121094,22.945877075195312,24.51970672607422,68.9004898071289,37.90993118286133,50.10942077636719,29.838773727416992,24.61309814453125,82.10989379882812,57.97934341430664
2019-07-18,25.429424285888672,47.057369232177734,22.949548721313477,24.7045841217041,69.02594757080078,38.19268798828125,50.44392776489258,29.8308048248291,24.82789421081543,82.57300567626953,57.90400314331055
2019-07-19,25.486148834228516,46.448543548583984,23.05609130859375,24.59894561767578,69.40231323242188,38.027740478515625,50.12614440917969,29.344388961791992,24.467187881469727,81.71805572509766,57.5225944519043
2019-07-22,25.420696258544922,46.62652587890625,23.162630081176758,24.651765823364258,69.45606994628906,38.46604537963867,49.83345031738281,29.312488555908203,24.41449737548828,81.5488510131836,57.55556106567383
2019-07-23,25.94429588317871,46.80447006225586,23.225078582763672,24.907087326049805,70.33423614501953,38.67811584472656,50.193050384521484,29.59955596923828,24.260496139526367,82.05646514892578,57.94638442993164
2019-07-24,25.92684555053711,47.216609954833984,23.324270248413086,25.16240882873535,70.638916015625,38.99858093261719,49.858543395996094,29.575641632080078,24.280759811401367,82.10099792480469,58.23833465576172
2019-07-25,25.739219665527344,47.0948371887207,23.05975914001465,24.9863224029541,70.49554443359375,38.83835220336914,49.92544174194336,29.44804573059082,24.219966888427734,81.70025634765625,57.91342544555664
2019-07-26,25.769763946533203,48.4436149597168,22.94220542907715,25.259258270263672,70.34318542480469,38.92318344116211,50.48575210571289,29.543743133544922,24.309125900268555,81.99412536621094,58.17710876464844
2019-07-29,25.682497024536133,48.171974182128906,22.85036277770996,25.065561294555664,70.21775817871094,38.89960861206055,50.577735900878906,29.65537452697754,24.43476104736328,82.33255004882812,57.894596099853516
2019-07-30,25.852664947509766,47.94718933105469,23.107521057128906,24.995128631591797,70.52242279052734,38.649837493896484,50.7282600402832,29.950407028198242,24.248332977294922,81.97630310058594,57.503761291503906
2019-07-31,25.45560073852539,47.563167572021484,23.034048080444336,24.871870040893555,69.73389434814453,38.06543731689453,49.69964599609375,29.8308048248291,24.134857177734375,81.16588592529297,56.84453582763672
2019-08-01,25.311620712280273,47.3383674621582,22.512378692626953,24.30840492248535,68.38076782226562,37.872222900390625,49.52402114868164,29.902570724487305,24.382076263427734,81.27275848388672,56.072288513183594
2019-08-02,25.014911651611328,46.87940216064453,22.189098358154297,24.29960060119629,67.94169616699219,37.254852294921875,49.53239059448242,30.133825302124023,24.378026962280273,81.08575439453125,55.61082458496094
2019-08-05,24.54366683959961,45.36202621459961,21.527828216552734,23.489612579345703,66.05986785888672,35.69961929321289,48.244537353515625,29.559688568115234,24.029481887817383,79.179931640625,54.11814880371094
2019-08-06,24.574214935302734,46.017696380615234,21.502117156982422,23.868194580078125,67.0545654296875,36.29342269897461,48.67940139770508,29.92649269104004,24.32939338684082,80.2040786743164,54.94217300415039
2019-08-07,24.91455078125,46.07389831542969,21.340478897094727,23.55124282836914,67.01872253417969,36.51963424682617,49.24805450439453,30.205581665039062,24.390186309814453,80.2308120727539,55.16350173950195
2019-08-08,25.390148162841797,47.00115966796875,21.953981399536133,24.000259399414062,68.15675354003906,37.415077209472656,49.88363265991211,30.68402671813965,24.641460418701172,81.29947662353516,56.227691650390625
2019-08-09,25.1894474029541,46.47665023803711,21.711515426635742,23.9210147857666,67.58324432373047,36.99092102050781,49.60765838623047,30.676050186157227,24.66983413696289,81.39744567871094,55.700279235839844
2019-08-12,24.796741485595703,45.9802131652832,21.454362869262695,23.463193893432617,66.65132141113281,36.50550079345703,49.27313995361328,30.652130126953125,24.62120246887207,80.6048355102539,54.890384674072266
2019-08-13,25.062904357910156,46.65461349487305,21.652734756469727,23.753742218017578,67.44881439208984,37.41977310180664,49.83345031738281,30.668075561523438,24.63740348815918,81.65574645996094,55.79446792602539
2019-08-14,24.268787384033203,44.996742248535156,20.80411720275879,22.873315811157227,65.3878402709961,36.26986312866211,49.04734802246094,30.189632415771484,24.43476104736328,79.38477325439453,54.047508239746094
2019-08-15,24.277507781982422,45.0716552734375,20.675537109375,22.987770080566406,65.31613159179688,36.203880310058594,49.783267974853516,30.612262725830078,24.750892639160156,79.66083526611328,53.95804214477539
2019-08-16,24.70511245727539,45.652400970458984,20.9473876953125,23.39276695251465,66.57962036132812,36.8919563293457,50.351932525634766,30.827558517456055,24.87652587890625,80.64045715332031,54.570186614990234
2019-08-19,24.901458740234375,46.36423873901367,21.410274505615234,23.63047981262207,67.20687103271484,37.452781677246094,50.85370635986328,31.106637954711914,25.03459358215332,81.4152603149414,55.25766372680664
2019-08-20,24.6091251373291,46.055152893066406,21.230268478393555,23.31352424621582,66.8125991821289,37.26427459716797,50.3017692565918,30.875396728515625,24.994064331054688,80.72061157226562,55.271785736083984
2019-08-21,24.735654830932617,46.23311996459961,21.366191864013672,23.419174194335938,67.22480773925781,37.70256042480469,50.435569763183594,31.002986907958984,25.16023063659668,81.31729888916016,56.33598709106445
2019-08-22,24.569854736328125,46.13009262084961,21.270675659179688,23.577653884887695,67.3233871459961,37.61301040649414,50.70317459106445,31.15448570251465,25.184551239013672,80.91654205322266,56.3501091003418
2019-08-23,23.9764404296875,44.865596771240234,20.5579776763916,22.978967666625977,65.52223205566406,36.36882781982422,49.858543395996094,30.76376724243164,24.917057037353516,79.0463638305664,54.85271072387695
2019-08-26,24.05497932434082,45.53999710083008,20.646142959594727,23.19907569885254,66.0061264038086,36.873104095458984,50.477378845214844,31.050825119018555,25.20481300354004,79.87460327148438,55.394229888916016
2019-08-27,24.072429656982422,45.62428665161133,20.51756477355957,23.058208465576172,65.66559600830078,36.816558837890625,50.33522033691406,30.94717025756836,25.2493953704834,79.40260314941406,55.12111282348633
2019-08-28,24.260055541992188,45.73668670654297,20.81146240234375,23.269506454467773,66.47209930419922,36.84954071044922,50.820247650146484,31.034879684448242,25.180503845214844,79.98143768310547,55.80859375
2019-08-29,24.569854736328125,46.448543548583984,21.116378784179688,23.621675491333008,67.61012268066406,37.490482330322266,50.8453483581543,31.25815773010254,25.354766845703125,80.5870361328125,56.64677047729492
2019-08-30,24.735654830932617,46.3923454284668,21.116378784179688,23.70091438293457,67.88790893554688,37.481048583984375,50.778438568115234,31.266122817993164,25.362871170043945,80.68500518798828,56.3077278137207
2019-09-03,24.5393123626709,45.93338394165039,21.01351547241211,23.454395294189453,66.96495819091797,37.02390670776367,51.071136474609375,31.71267318725586,25.812744140625,80.2130126953125,56.07699203491211
2019-09-04,24.840375900268555,46.823211669921875,21.307415008544922,23.68329620361328,67.81623077392578,37.655426025390625,51.53107833862305,31.97581672668457,25.837059020996094,80.26643371582031,56.632633209228516
2019-09-05,24.879650115966797,47.61936950683594,21.571916580200195,24.167537689208984,69.034912109375,38.442466735839844,51.213294982910156,31.69672393798828,25.55741310119629,81.05904388427734,57.71566390991211
2019-09-06,24.97563934326172,47.51633834838867,21.685800552368164,24.158729553222656,69.17828369140625,38.409481048583984,51.38054656982422,31.736595153808594,25.456090927124023,81.28166198730469,57.856929779052734
2019-09-09,24.844745635986328,47.66618728637695,22.119295120239258,24.528507232666016,69.3843994140625,38.12199783325195,51.26347351074219,31.49737548828125,25.330448150634766,80.5335922241211,58.0782356262207
2019-09-10,25.08908462524414,47.73176574707031,22.380123138427734,24.616546630859375,70.0206298828125,37.92877960205078,50.94569396972656,31.034879684448242,25.362871170043945,80.76515197753906,57.847503662109375
2019-09-11,25.32906723022461,47.984649658203125,22.402172088623047,24.757417678833008,70.6747817993164,38.32465362548828,51.129676818847656,30.963119506835938,25.614151000976562,81.566650390625,57.955810546875
2019-09-12,25.525419235229492,48.12514877319336,22.262569427490234,24.88947868347168,70.71957397460938,38.532012939453125,51.3387336730957,31.146512985229492,25.670894622802734,81.53994750976562,58.23361587524414
2019-09-13,25.80466651916504,48.040855407714844,22.438907623291016,25.083166122436523,71.1048812866211,38.24924850463867,51.046043395996094,30.77173614501953,25.50878143310547,81.49540710449219,58.11590576171875
2019-09-16,25.38142967224121,47.86288833618164,23.192018508911133,24.995128631591797,71.04216766357422,38.154991149902344,50.55264663696289,31.0907039642334,25.52904510498047,81.31729888916016,57.371917724609375
2019-09-17,25.586505889892578,47.909725189208984,22.86872673034668,25.021547317504883,71.0063247680664,38.31050491333008,50.828617095947266,31.529273986816406,25.751951217651367,81.44197082519531,57.720367431640625
2019-09-18,25.59959602355957,47.853515625,22.75851821899414,25.109586715698242,70.89878845214844,38.30580139160156,50.91224670410156,31.43358039855957,25.861371994018555,81.43304443359375,57.692115783691406
2019-09-19,25.643224716186523,47.900367736816406,22.69974136352539,24.995128631591797,70.54032897949219,38.390628814697266,50.90386962890625,31.537246704101562,25.982959747314453,81.81602478027344,57.53672409057617
2019-09-20,25.58359146118164,47.58960723876953,22.718276977539062,24.848234176635742,70.09442138671875,37.94293975830078,50.74235916137695,31.403188705444336,26.085886001586914,82.27207946777344,56.877193450927734
2019-09-23,25.522197723388672,47.42061233520508,22.725690841674805,24.892478942871094,69.95930480957031,38.06112289428711,50.94425964355469,31.51557731628418,26.08997344970703,81.83390808105469,57.075618743896484
2019-09-24,25.302928924560547,46.707096099853516,22.366086959838867,24.65355682373047,69.56291961669922,37.692386627197266,51.15456008911133,31.475427627563477,26.396289825439453,81.08271789550781,56.46617889404297
2019-09-25,25.434486389160156,47.24223327636719,22.403154373168945,24.85708236694336,70.01335906982422,38.14148712158203,51.188209533691406,31.443317413330078,26.37994384765625,80.6892318725586,56.98113250732422
2019-09-26,25.37748146057129,46.782203674316406,22.110280990600586,24.742046356201172,70.11244201660156,38.18402862548828,51.47422409057617,31.748367309570312,26.51881217956543,80.24211883544922,56.73545837402344
2019-09-27,25.307315826416016,46.256446838378906,22.106571197509766,24.839380264282227,69.83317565917969,37.673458099365234,51.41533279418945,31.53965187072754,26.424875259399414,79.8843994140625,56.53703308105469
2019-09-30,25.522197723388672,46.49116516113281,21.947160720825195,24.777442932128906,69.9322738647461,38.07058334350586,51.667701721191406,31.579792022705078,26.44120979309082,80.59980773925781,57.023643493652344
2019-10-01,24.921415328979492,46.02174758911133,21.43926429748535,24.255346298217773,68.2567138671875,37.716007232666016,51.533111572265625,31.306859970092773,26.37994384765625,79.81287384033203,56.54648208618164
2019-10-02,24.47412109375,45.32700729370117,20.912822723388672,23.759801864624023,66.96852111816406,37.00688934326172,50.49840545654297,31.114194869995117,26.028701782226562,78.65032196044922,55.530738830566406
2019-10-03,24.56182289123535,45.76826477050781,21.13897132873535,23.857133865356445,67.40992736816406,37.460731506347656,50.85172653198242,31.483463287353516,26.08997344970703,79.35680389404297,55.80002975463867
2019-10-04,24.693382263183594,46.38789749145508,21.27243423461914,24.299591064453125,68.11257934570312,38.08003616333008,51.650882720947266,31.627948760986328,26.453468322753906,80.59980773925781,56.32443618774414
2019-10-07,24.605676651000977,46.38789749145508,21.083362579345703,24.175703048706055,67.770263671875,37.91929626464844,51.23027038574219,31.571762084960938,26.351364135742188,80.33154296875,56.078765869140625
2019-10-08,24.175918579101562,45.636837005615234,20.7237548828125,23.69785499572754,66.72528076171875,37.22434997558594,50.74235916137695,31.419239044189453,26.10630989074707,78.80235290527344,55.48822021484375
2019-10-09,24.44780731201172,45.90908432006836,20.912822723388672,23.919078826904297,67.2928237915039,37.77747344970703,51.129329681396484,31.51557731628418,26.232919692993164,79.37467193603516,55.960662841796875
2019-10-10,24.671451568603516,46.17196273803711,21.176050186157227,24.166852951049805,67.9053955078125,38.037498474121094,51.23027038574219,31.595840454101562,26.204328536987305,79.76815032958984,56.333885192871094
2019-10-11,25.14944839477539,46.71648406982422,21.461509704589844,24.467723846435547,69.1845703125,38.562232971191406,51.17980194091797,31.49148941040039,26.10630989074707,80.42992401123047,56.971675872802734
2019-10-14,24.96965789794922,46.613224029541016,21.45038414001465,24.503122329711914,69.04945373535156,38.53860092163086,50.927433013916016,31.53965187072754,25.93885612487793,80.3941421508789,56.94334411621094
2019-10-15,25.14505958557129,47.411216735839844,21.539358139038086,24.85708236694336,69.60797119140625,38.96406555175781,50.70872497558594,31.563730239868164,25.857168197631836,81.86073303222656,57.44412612915039
2019-10-16,25.19768714904785,47.49571990966797,21.239065170288086,24.795141220092773,69.57193756103516,38.694618225097656,50.759185791015625,31.523595809936523,25.914352416992188,81.75341796875,57.68034362792969
2019-10-17,25.26346206665039,47.77736282348633,21.25389862060547,24.812837600708008,69.91427612304688,38.61896896362305,50.994728088378906,31.732303619384766,25.97969627380371,82.36148834228516,57.831520080566406
2019-10-18,25.219614028930664,47.22346115112305,21.142675399780273,24.874784469604492,69.31069946289062,38.25022888183594,51.09566879272461,32.0373420715332,26.06546401977539,82.05746459960938,57.718135833740234
2019-10-21,25.140674591064453,47.50510787963867,21.52081871032715,25.219898223876953,69.72506713867188,38.661521911621094,51.263916015625,32.254093170166016,26.167570114135742,81.9680404663086,57.921295166015625
2019-10-22,25.035429000854492,47.045082092285156,21.798864364624023,25.149106979370117,70.27460479736328,38.14148712158203,51.280738830566406,32.15775680541992,26.27784538269043,82.14689636230469,57.55278778076172
2019-10-23,25.19329833984375,47.411216735839844,21.980525970458984,25.255294799804688,70.2656021118164,38.174591064453125,51.51628494262695,32.213958740234375,26.384035110473633,82.65663146972656,57.28822326660156
2019-10-24,25.272235870361328,46.8760986328125,21.88784408569336,25.219898223876953,70.36469268798828,38.73243713378906,51.69294738769531,32.09354019165039,26.47388458251953,82.23632049560547,57.259883880615234
2019-10-25,25.548503875732422,47.24223327636719,22.065797805786133,25.343780517578125,70.80607604980469,39.20044708251953,51.390098571777344,31.70018768310547,26.204328536987305,82.32575225830078,57.193729400634766
2019-10-28,25.627437591552734,47.68349075317383,21.93974494934082,25.47652244567871,71.00428771972656,39.696834564208984,51.289154052734375,31.3630428314209,25.844913482666016,83.17529296875,57.373268127441406
2019-10-29,25.78530502319336,47.25162887573242,22.028717041015625,25.538461685180664,71.23848724365234,39.33754348754883,51.289154052734375,31.443317413330078,25.869422912597656,84.355712890625,57.047279357910156
2019-10-30,25.807235717773438,47.38306427001953,21.580137252807617,25.520763397216797,71.49073028564453,39.578643798828125,51.52470779418945,31.676124572753906,26.09814453125,84.82965850830078,57.4015998840332
2019-10-31,25.517805099487305,47.52388381958008,21.487457275390625,25.396881103515625,70.72502899169922,39.55500793457031,51.4489860534668,31.571762084960938,26.241085052490234,84.73129272460938,57.094512939453125
2019-11-01,25.877403259277344,47.83370590209961,21.97681999206543,25.768545150756836,72.26546478271484,40.02775955200195,51.44057846069336,31.49148941040039,26.175737380981445,84.83860778808594,57.47248077392578
2019-11-04,26.079126358032227,48.09656524658203,22.69232940673828,25.989768981933594,73.1032485961914,40.23577117919922,50.94425964355469,31.138282775878906,25.840837478637695,84.57927703857422,57.500823974609375
2019-11-05,26.12297821044922,48.11534881591797,22.721982955932617,26.08710479736328,73.25640106201172,40.188499450683594,51.11250305175781,30.600454330444336,25.57536506652832,83.9801254272461,57.58586502075195
2019-11-06,26.105432510375977,47.94636535644531,22.25857162475586,26.219844818115234,73.30142211914062,40.16959762573242,51.322811126708984,30.712833404541016,25.67337989807129,84.26626586914062,57.647274017333984
2019-11-07,26.280841827392578,48.246788024902344,22.592227935791016,26.414518356323242,73.55365753173828,40.48633575439453,51.146141052246094,30.383705139160156,25.32621955871582,84.45409393310547,57.302398681640625
2019-11-08,26.386089324951172,48.378231048583984,22.499544143676758,26.405675888061523,73.65275573730469,40.7132453918457,51.11250305175781,30.3275089263916,25.22003173828125,85.07112121582031,57.32601547241211
2019-11-11,26.34662437438965,48.15290451049805,22.373497009277344,26.334880828857422,73.68878173828125,40.73215866088867,51.03678894042969,30.383705139160156,25.064834594726562,84.72235870361328,57.2078971862793
2019-11-12,26.482566833496094,48.20923614501953,22.25857162475586,26.37027931213379,73.67977142333984,40.8692626953125,51.20503616333008,30.183013916015625,25.126096725463867,85.23209381103516,57.17011642456055
2019-11-13,26.329084396362305,48.190452575683594,22.16218376159668,26.202146530151367,73.37348937988281,40.959083557128906,51.59199142456055,30.488056182861328,25.497756958007812,85.33045959472656,56.99058532714844
2019-11-14,26.491334915161133,48.4063835144043,22.10286521911621,26.255239486694336,73.6076889038086,40.911808013916016,51.575172424316406,30.793106079101562,25.587614059448242,85.33942413330078,57.23624801635742
2019-11-15,26.469409942626953,48.81009292602539,22.273405075073242,26.326030731201172,74.14822387695312,41.24274444580078,51.59199142456055,30.94562339782715,25.66929817199707,87.15475463867188,57.34019088745117
2019-11-18,26.403629302978516,48.979087829589844,22.00276756286621,26.379127502441406,73.86895751953125,41.36565399169922,51.86118698120117,31.114194869995117,25.722389221191406,86.8596420288086,57.53860855102539
2019-11-19,26.34662437438965,49.00724792480469,21.676528930664062,26.432226181030273,73.80589294433594,41.44601821899414,51.79389572143555,31.178415298461914,25.65704345703125,87.44985961914062,56.90554428100586
2019-11-20,26.017728805541992,48.70682144165039,21.8952579498291,26.308334350585938,73.22035217285156,41.19545364379883,51.911659240722656,31.19447135925293,25.812244415283203,87.3336181640625,56.773250579833984
2019-11-21,25.973876953125,48.838253021240234,22.254863739013672,26.281787872314453,73.19332885742188,40.98745346069336,51.650882720947266,30.777050018310547,25.722389221191406,87.55717468261719,56.45199966430664
2019-11-22,26.017728805541992,48.857032775878906,22.180723190307617,26.476469039916992,73.57167053222656,40.93544387817383,51.56676483154297,30.600454330444336,25.73055648803711,87.87017822265625,56.83939743041992
2019-11-25,26.188756942749023,49.00724792480469,22.202964782714844,26.64459991455078,74.10316467285156,41.5311164855957,51.625640869140625,30.624526977539062,25.644798278808594,88.89855194091797,57.34019088745117
2019-11-26,26.320310592651367,49.1668586730957,21.99906349182129,26.618051528930664,74.31937408447266,41.56893539428711,52.0462532043457,31.049978256225586,25.73055648803711,88.8270263671875,57.73231887817383
2019-11-27,26.425554275512695,49.51420974731445,22.054670333862305,26.7242431640625,74.24730682373047,41.80057144165039,52.17243576049805,31.146303176879883,25.775489807128906,89.28308868408203,58.228389739990234
2019-11-29,26.329084396362305,49.3452262878418,21.83223533630371,26.67999267578125,73.90499114990234,41.67765426635742,52.155609130859375,31.025890350341797,25.7509765625,88.9701156616211,57.85042953491211
2019-12-02,26.065967559814453,48.87580871582031,21.83223533630371,26.511865615844727,72.68885803222656,41.08199691772461,52.273380279541016,30.45595359802246,25.583524703979492,88.57662963867188,57.373268127441406
2019-12-03,25.899330139160156,48.781925201416016,21.50599479675293,26.14020538330078,71.89613342285156,40.717979431152344,52.189273834228516,30.704803466796875,25.65296173095703,88.37987518310547,56.796878814697266
2019-12-04,25.95633316040039,49.03540802001953,21.828529357910156,26.387971878051758,72.17535400390625,40.883445739746094,52.53416442871094,30.8653564453125,25.849002838134766,89.20262145996094,57.11342239379883
2019-12-05,26.0878963470459,49.2419548034668,21.724720001220703,26.511865615844727,72.19338989257812,41.03472137451172,52.517337799072266,30.91351318359375,25.89392852783203,89.20262145996094,57.05672073364258
2019-12-06,26.355390548706055,49.53299331665039,22.13994026184082,26.86582374572754,73.06720733642578,41.48855972290039,52.71922302246094,30.921539306640625,25.816326141357422,89.79283905029297,57.51498794555664
2019-12-09,26.30277442932129,49.3452262878418,22.11398696899414,26.803876876831055,72.78794860839844,41.27109909057617,52.761295318603516,30.961681365966797,25.726482391357422,89.16682434082031,57.58586502075195
2019-12-10,26.144901275634766,49.17622756958008,22.158483505249023,26.812732696533203,72.6978759765625,41.3041877746582,52.593055725097656,30.744935989379883,25.722389221191406,89.36359405517578,57.48665237426758
2019-12-11,26.34223747253418,49.401546478271484,22.121402740478516,26.75078773498535,73.15728759765625,41.58311462402344,52.66876220703125,30.512144088745117,25.79182243347168,89.44405364990234,57.63309860229492
2019-12-12,26.710594177246094,49.4578857421875,22.529205322265625,27.272890090942383,73.80589294433594,42.02750015258789,52.6266975402832,30.14287757873535,25.681549072265625,90.27571868896484,58.138607025146484
2019-12-13,26.504491806030273,49.3452262878418,22.35867691040039,27.175540924072266,73.6076889038086,42.30641555786133,52.811763763427734,30.17500114440918,25.88167381286621,90.21314239501953,58.190582275390625
2019-12-16,26.61850929260254,49.83340835571289,22.65895652770996,27.272890090942383,73.57167053222656,42.684635162353516,52.9968376159668,30.407787322998047,26.204328536987305,91.1878890991211,58.44569778442383
2019-12-17,26.657978057861328,49.78647994995117,22.673789978027344,27.379074096679688,73.4996109008789,42.58534622192383,52.91271209716797,30.07866668701172,26.290096282958984,91.08949279785156,58.705543518066406
2019-12-18,26.622896194458008,50.12445831298828,22.759056091308594,27.264036178588867,73.19332885742188,42.58060836791992,52.82859802246094,30.504119873046875,26.396289825439453,91.21467590332031,58.762237548828125
2019-12-19,26.714981079101562,50.58448791503906,22.75164031982422,27.255186080932617,73.39149475097656,42.88790512084961,53.1146125793457,30.793106079101562,26.40445327758789,91.5724105834961,58.94647216796875
2019-12-20,26.844623565673828,50.74162673950195,22.969884872436523,27.287206649780273,73.72919464111328,43.13690185546875,53.5157585144043,31.03087043762207,26.58597183227539,92.22076416015625,59.03654479980469
2019-12-23,26.91958236694336,50.60990524291992,23.205724716186523,27.22494888305664,74.33576202392578,43.26021957397461,53.286773681640625,30.84423065185547,26.33901023864746,92.5888900756836,58.89908981323242
2019-12-24,26.9504451751709,50.600494384765625,23.19449806213379,27.287206649780273,74.03699493408203,43.27445602416992,53.3546142578125,30.88480567932129,26.376052856445312,92.47216796875,59.03181076049805
2019-12-26,27.06950569152832,50.98624038696289,23.187009811401367,27.438404083251953,74.20901489257812,43.59696578979492,53.40549850463867,31.071439743041992,26.42133140563965,92.40929412841797,59.75230026245117
2019-12-27,26.96808433532715,50.89214324951172,23.089677810668945,27.367252349853516,74.14562225341797,43.592220306396484,53.642967224121094,31.18505096435547,26.49953842163086,92.43623352050781,59.74755096435547
2019-12-30,26.884309768676758,50.36526870727539,23.01680564880371,27.287206649780273,73.80162048339844,43.34085464477539,53.363101959228516,31.16070556640625,26.49542236328125,91.88131713867188,59.36360168457031
2019-12-31,27.08272933959961,50.45936584472656,23.14788818359375,27.376150131225586,73.75634765625,43.4783935546875,53.41398239135742,31.379802703857422,26.598323822021484,92.06204986572266,59.448917388916016
2020-01-02,26.765256881713867,51.052101135253906,23.3560848236084,27.642974853515625,75.15055084228516,44.29418182373047,52.98993682861328,31.014633178710938,26.264921188354492,92.30611419677734,60.155189514160156
2020-01-03,26.3331298828125,50.72279357910156,23.286691665649414,27.34946632385254,75.00568389892578,43.79616928100586,52.905120849609375,31.24184799194336,26.31842803955078,91.50169372558594,59.64326858520508
2020-01-06,26.218481063842773,51.400238037109375,23.46788787841797,27.33167839050293,75.03284454345703,43.9005126953125,53.015377044677734,31.24996566772461,26.343120574951172,92.07112884521484,59.80917739868164
2020-01-07,26.1876163482666,51.466087341308594,23.406206130981445,27.153793334960938,74.87895202636719,43.88154220581055,52.608280181884766,30.909143447875977,26.306081771850586,91.89032745361328,59.7143669128418
2020-01-08,26.280216217041016,51.83302688598633,23.020662307739258,27.33167839050293,75.13243865966797,44.35110855102539,52.80335235595703,31.063325881958008,26.293733596801758,92.48686981201172,59.89448547363281
2020-01-09,26.377220153808594,52.105892181396484,23.190305709838867,27.50066566467285,75.44930267333984,44.853858947753906,53.176517486572266,31.055213928222656,26.437793731689453,92.88452911376953,60.212059020996094
2020-01-10,26.27138900756836,51.89889144897461,23.059215545654297,27.29610252380371,74.9151611328125,44.74949645996094,53.14259338378906,31.3554630279541,26.507770538330078,92.91165924072266,59.885005950927734
2020-01-13,26.61092185974121,52.388153076171875,23.066932678222656,27.482879638671875,75.53077697753906,45.309173583984375,53.490325927734375,31.736852645874023,26.668298721313477,92.5862808227539,60.07460021972656
2020-01-14,26.500686645507812,52.25643539428711,23.070789337158203,27.42951011657715,75.53982543945312,45.095741271972656,53.50727462768555,31.582677841186523,26.746503829956055,93.14664459228516,60.05564498901367
2020-01-15,26.681467056274414,52.510475158691406,22.901147842407227,27.278308868408203,75.65751647949219,45.14791488647461,53.888919830322266,31.80177116394043,27.12106704711914,93.9510269165039,59.91818618774414
2020-01-16,26.8402099609375,52.9150505065918,22.9397029876709,27.518455505371094,76.40892028808594,45.755001068115234,54.033103942871094,32.08578872680664,27.28982925415039,94.43909454345703,60.45381164550781
2020-01-17,26.959266662597656,53.32903289794922,22.793193817138672,27.5985050201416,76.41798400878906,46.06328582763672,54.12639617919922,32.126365661621094,27.47917366027832,94.43909454345703,60.667091369628906
2020-01-21,26.668243408203125,53.28199005126953,22.384525299072266,27.367252349853516,75.57605743408203,46.04432678222656,54.312984466552734,32.450950622558594,27.730255126953125,94.53851318359375,60.482242584228516
2020-01-22,26.562419891357422,53.2537727355957,22.168621063232422,27.44729995727539,75.17771911621094,46.2103271484375,54.355377197265625,32.1912727355957,27.816694259643555,94.65599822998047,60.45381164550781
2020-01-23,26.531551361083984,53.037357330322266,22.083797454833984,27.376150131225586,75.99247741699219,46.42849349975586,54.304508209228516,32.49964141845703,28.063661575317383,94.17698669433594,60.54386901855469
2020-01-24,26.341951370239258,52.397560119628906,21.829341888427734,27.02927589416504,75.639404296875,46.2103271484375,53.93133544921875,32.450950622558594,28.137752532958984,92.60435485839844,59.70014953613281
2020-01-27,25.773130416870117,51.579002380371094,21.224042892456055,26.61125373840332,74.20901489257812,45.10997009277344,53.761714935302734,32.312992095947266,28.067777633666992,91.89936828613281,58.80903244018555
2020-01-28,26.06415367126465,52.171756744384766,21.3204288482666,26.922542572021484,74.68882751464844,45.973175048828125,53.829559326171875,32.39414596557617,28.183032989501953,92.3512954711914,59.382572174072266
2020-01-29,26.147930145263672,52.08707809448242,21.09681510925293,26.878076553344727,75.087158203125,46.09175109863281,53.558170318603516,32.22374725341797,28.25712013244629,92.09822845458984,59.34938049316406
2020-01-30,25.98478126525879,51.560184478759766,21.266448974609375,27.216053009033203,75.16864013671875,46.49016189575195,54.19424819946289,32.29676818847656,28.52055549621582,91.42941284179688,59.249839782714844
2020-01-31,25.411558151245117,50.72279357910156,20.60331916809082,26.64682960510254,73.43043518066406,45.21430969238281,53.58360290527344,31.834226608276367,28.392955780029297,89.60372161865234,59.40153121948242
2020-02-03,25.945096969604492,51.3249626159668,20.333444595336914,26.833606719970703,73.40327453613281,45.81191635131836,53.58360290527344,31.866689682006836,28.48350715637207,90.41712188720703,59.82337951660156
2020-02-04,26.4036808013916,51.86126708984375,20.406700134277344,27.091533660888672,74.78841400146484,47.01188278198242,53.9058952331543,32.280548095703125,28.19948959350586,92.00785064697266,60.91358947753906
2020-02-05,26.89312744140625,51.9459342956543,21.173919677734375,27.634078979492188,76.03773498535156,47.286964416503906,54.33842849731445,32.25619888305664,28.314743041992188,93.779296875,61.2216796875
2020-02-06,26.879901885986328,52.59516143798828,20.958017349243164,27.5985050201416,76.28218078613281,47.718563079833984,54.43172073364258,32.39414596557617,28.322982788085938,93.86064147949219,61.084224700927734
2020-02-07,26.49627685546875,52.55752182006836,20.811511993408203,27.50066566467285,75.72993469238281,47.28221893310547,54.499568939208984,32.410377502441406,28.232418060302734,93.12857055664062,60.81878662109375
2020-02-10,26.483047485351562,52.868003845214844,20.70741844177246,27.580717086791992,76.15544128417969,47.92252731323242,54.72855758666992,32.78365707397461,28.33944320678711,93.62565612792969,61.50608444213867
2020-02-11,26.62856101989746,52.811553955078125,20.938743591308594,27.678546905517578,76.44515228271484,47.761260986328125,54.52500915527344,33.18128967285156,28.442346572875977,94.18602752685547,61.98955154418945
2020-02-12,26.774076461791992,53.498382568359375,21.220186233520508,27.696334838867188,77.16033172607422,48.27824020385742,54.499568939208984,33.39225769042969,28.462923049926758,94.30352783203125,62.624725341796875
2020-02-13,26.677064895629883,53.50779724121094,21.15464210510254,27.687440872192383,76.72579956054688,48.150184631347656,54.82184982299805,33.59513854980469,28.779869079589844,93.86064147949219,62.515708923339844
2020-02-14,26.681467056274414,53.573665618896484,21.04283905029297,27.7230224609375,76.62620544433594,48.3588752746582,54.94906234741211,33.98463821411133,28.973323822021484,93.93293762207031,62.42089080810547
2020-02-18,26.615331649780273,53.93120574951172,20.869352340698242,27.482879638671875,76.19168090820312,48.17863845825195,54.753997802734375,33.952186584472656,29.21617317199707,93.59854888916016,62.41615676879883
2020-02-19,26.68588638305664,54.17582702636719,21.14693260192871,27.687440872192383,76.16448974609375,48.75253677368164,54.69462966918945,33.47340393066406,28.89923667907715,94.03238677978516,62.69582748413086
2020-02-20,26.7299747467041,53.6207160949707,21.12380599975586,27.634078979492188,76.05586242675781,48.24503707885742,54.737037658691406,33.8466911315918,29.00213050842285,93.42681121826172,62.71951675415039
2020-02-21,26.606515884399414,52.80213928222656,20.873199462890625,27.367252349853516,75.67564392089844,47.16365432739258,54.83034133911133,34.02522277832031,28.948631286621094,93.48104095458984,61.76204299926758
2020-02-24,25.856908798217773,51.033287048339844,19.90934181213379,26.47784423828125,73.52095794677734,45.21430969238281,53.566650390625,33.570796966552734,28.611106872558594,90.53462982177734,59.638526916503906
2020-02-25,24.741329193115234,49.66901779174805,19.030319213867188,25.579530715942383,70.52436065673828,43.76772689819336,52.59980010986328,32.72686004638672,28.010150909423828,87.78704071044922,58.04589080810547
2020-02-26,24.65754508972168,49.57492446899414,18.45585823059082,25.39275360107422,69.9902114868164,43.96690368652344,52.30296325683594,32.44283676147461,27.72614097595215,87.77799224853516,57.58610534667969
2020-02-27,23.50227165222168,47.6179084777832,17.468873977661133,24.30767059326172,67.39197540283203,41.595455169677734,50.17420196533203,30.608903884887695,26.47895622253418,84.79544067382812,55.258785247802734
2020-02-28,23.24652671813965,47.759033203125,17.45345115661621,23.64950942993164,66.16072082519531,41.91323471069336,49.181915283203125,29.854230880737305,25.593994140625,83.70183563232422,54.903282165527344
2020-03-02,24.243061065673828,49.41497802734375,18.158987045288086,24.85910987854004,68.4874038696289,44.33686828613281,51.81106185913086,31.33922576904297,27.100492477416992,87.62435913085938,56.78978729248047
2020-03-03,24.031404495239258,47.78725814819336,17.603809356689453,23.925216674804688,66.81256103515625,42.653133392333984,51.10712814331055,31.314876556396484,26.767086029052734,85.44617462158203,55.41520309448242
2020-03-04,25.027936935424805,49.50906753540039,18.020198822021484,24.716800689697266,69.57379913330078,44.48390197753906,53.61754608154297,32.532108306884766,28.285932540893555,90.37193298339844,57.33015060424805
2020-03-05,24.234241485595703,47.702579498291016,17.36092185974121,23.52499008178711,66.16976928710938,43.079994201660156,52.608280181884766,31.785545349121094,27.849626541137695,88.27511596679688,55.19241714477539
2020-03-06,23.603687286376953,46.87460708618164,16.38550567626953,22.724517822265625,65.59036254882812,42.16935729980469,52.192710876464844,31.24184799194336,27.62323760986328,87.80512237548828,54.343963623046875
2020-03-09,21.39456558227539,43.750885009765625,13.085267066955566,20.287521362304688,59.54282760620117,38.96787643432617,49.91977310180664,29.03463363647461,26.120851516723633,83.24087524414062,50.92169189453125
2020-03-10,22.263221740722656,45.980770111083984,13.705989837646484,21.479337692260742,62.6299934387207,41.5670051574707,51.353084564208984,30.44659996032715,26.363712310791016,86.096923828125,53.73725509643555
2020-03-11,21.204959869384766,44.004920959472656,12.981170654296875,20.3142032623291,58.954383850097656,39.603424072265625,48.834190368652344,28.81553840637207,25.038320541381836,82.80704498291016,50.7984504699707
2020-03-12,19.163387298583984,39.87446212768555,11.361899375915527,18.117351531982422,52.8525390625,35.737945556640625,44.24591064453125,26.340532302856445,22.511022567749023,76.62498474121094,45.6650390625
2020-03-13,20.508268356323242,43.45921325683594,12.410568237304688,20.5009822845459,56.98078918457031,39.930686950683594,48.01152038574219,28.65324592590332,23.737625122070312,81.93938446044922,48.490074157714844
2020-03-16,18.25063705444336,38.557228088378906,10.721899032592773,17.690441131591797,50.51680374145508,34.41466522216797,44.754783630371094,24.068401336669922,21.041568756103516,73.85934448242188,42.3470573425293
2020-03-17,19.37944984436035,40.23200988769531,10.79515552520752,18.650999069213867,52.84347915649414,36.757667541503906,48.52886962890625,25.529054641723633,23.7335147857666,78.49588775634766,43.977603912353516
2020-03-18,18.140398025512695,38.89595031738281,9.24527645111084,17.067848205566406,48.95061111450195,35.37274169921875,47.28215026855469,23.735692977905273,22.700366973876953,75.89290618896484,41.451194763183594
2020-03-19,18.603397369384766,39.592201232910156,9.873711585998535,17.4414005279541,48.98683166503906,35.50080108642578,45.70466232299805,23.362417221069336,21.379093170166016,74.33834838867188,42.89689636230469
2020-03-20,17.937570571899414,37.842166900634766,9.970097541809082,16.818811416625977,46.533409118652344,33.87397766113281,42.7447624206543,22.03970718383789,19.683259963989258,71.48233032226562,41.621826171875
2020-03-23,17.023155212402344,38.04312515258789,9.290547370910645,15.840231895446777,44.49522399902344,33.564544677734375,41.47981643676758,20.815006256103516,18.678844451904297,67.76961517333984,41.69043731689453
2020-03-24,19.025100708007812,40.38308334350586,10.78050422668457,17.804561614990234,50.12440872192383,37.002052307128906,43.59516525268555,22.629981994628906,20.686832427978516,72.99173736572266,45.600826263427734
2020-03-25,19.468984603881836,39.76035690307617,11.288984298706055,18.288915634155273,52.761085510253906,36.954376220703125,43.47575759887695,23.635578155517578,21.214815139770508,73.96348571777344,46.40101623535156
2020-03-26,20.38340187072754,42.02484130859375,11.978775978088379,19.437023162841797,56.09115982055664,39.24287033081055,45.855525970458984,25.4505558013916,23.02324867248535,78.8768310546875,48.32049560546875
2020-03-27,19.646543502807617,40.345359802246094,11.166790008544922,18.84503173828125,53.728179931640625,37.46929168701172,45.64228820800781,25.51595687866211,23.147966384887695,77.18760681152344,46.701087951660156
2020-03-30,20.272428512573242,41.817256927490234,11.281098365783691,19.20380973815918,54.512794494628906,39.047401428222656,47.42499923706055,26.178180694580078,24.00437355041504,80.8022232055664,47.6775016784668
2020-03-31,19.99277687072754,41.741764068603516,11.454533576965332,18.67460823059082,53.837650299072266,38.31793975830078,46.46113967895508,25.34427261352539,23.035720825195312,80.44803619384766,46.715370178222656
2020-04-01,19.091686248779297,40.0811653137207,10.886931419372559,17.535472869873047,51.41081237792969,36.491905212402344,45.67640686035156,23.80726432800293,21.651330947875977,77.38741302490234,44.629180908203125
2020-04-02,19.38020896911621,40.59067153930664,11.884175300598145,17.9749813079834,52.09506607055664,37.3453369140625,46.844970703125,24.1588134765625,22.3289737701416,79.53074645996094,44.7958869934082
2020-04-03,18.91412353515625,39.76979446411133,11.758040428161621,17.61619758605957,51.40169143676758,36.768436431884766,47.21175765991211,23.954421997070312,21.53076934814453,78.81327819824219,44.01475524902344
2020-04-06,20.321258544921875,42.39280700683594,12.380829811096191,18.880908966064453,54.9598503112793,39.90557098388672,48.968875885009766,25.68764877319336,23.19369888305664,82.9455795288086,47.6775016784668
2020-04-07,20.862796783447266,42.704166412353516,12.644923210144043,19.069263458251953,54.832122802734375,39.54800033569336,48.405906677246094,25.695823669433594,22.902681350708008,82.2644271850586,48.387184143066406
2020-04-08,21.883739471435547,43.61940383911133,13.488444328308105,19.903438568115234,56.821041107177734,40.6111946105957,49.12239074707031,27.625253677368164,24.149879455566406,85.65198516845703,49.91134262084961
2020-04-09,22.824785232543945,43.94020080566406,13.366249084472656,20.970813751220703,57.67864990234375,40.62071990966797,49.5829963684082,29.047807693481445,25.288986206054688,86.124267578125,50.81153869628906
2020-04-13,22.323192596435547,44.00624084472656,13.322894096374512,20.208406448364258,55.99079895019531,40.71132278442383,49.21622085571289,27.715185165405273,24.48662757873535,85.37046813964844,50.79724884033203
2020-04-14,22.611724853515625,45.308319091796875,13.259821891784668,20.298095703125,57.058258056640625,42.41815948486328,51.305992126464844,28.63903045654297,25.205841064453125,88.20402526855469,52.78342819213867
2020-04-15,21.573022842407227,44.883724212646484,12.637040138244629,19.419084548950195,55.47989273071289,41.493221282958984,50.49567413330078,27.53532600402832,24.374378204345703,87.74993133544922,51.62601089477539
2020-04-16,21.44873046875,45.06300354003906,12.097026824951172,19.07823944091797,54.98721694946289,41.99860382080078,50.82834243774414,27.355466842651367,24.3785343170166,89.6662368774414,52.24519729614258
2020-04-17,22.30988121032715,45.67629623413086,13.3820161819458,20.082834243774414,57.56916046142578,42.55642318725586,51.604530334472656,28.238431930541992,25.164268493652344,91.52802276611328,53.78840637207031
2020-04-20,21.759458541870117,45.261138916015625,12.964197158813477,19.733013153076172,56.036415100097656,41.874629974365234,50.589500427246094,27.191953659057617,24.212238311767578,90.80146789550781,52.850101470947266
2020-04-21,21.222352981567383,43.83639907836914,12.735581398010254,19.09617805480957,54.71351623535156,40.12012481689453,49.5147590637207,26.79134750366211,23.813140869140625,88.04055786132812,51.478363037109375
2020-04-22,21.639604568481445,45.01584243774414,13.188872337341309,19.30247688293457,55.28830337524414,41.664859771728516,49.9924201965332,27.25735855102539,24.507410049438477,89.38468933105469,52.588134765625
2020-04-23,21.790529251098633,45.33662033081055,13.614578247070312,19.221750259399414,55.72623062133789,41.3787956237793,49.54888916015625,26.946683883666992,24.09583282470703,89.87509155273438,52.573848724365234
2020-04-24,22.132326126098633,45.91217803955078,13.646108627319336,19.499805450439453,56.17327880859375,42.25606155395508,50.07771682739258,27.044790267944336,24.245502471923828,91.08301544189453,53.464515686035156
2020-04-27,22.722694396972656,46.289588928222656,13.941733360290527,20.163557052612305,57.56916046142578,42.61838912963867,50.22273254394531,27.82964324951172,24.499095916748047,92.25458526611328,54.464752197265625
2020-04-28,23.144390106201172,45.4498405456543,14.26101016998291,20.378828048706055,58.64572525024414,42.05103302001953,50.50420379638672,27.854175567626953,24.590559005737305,90.39279174804688,54.6790885925293
2020-04-29,23.734760284423828,47.64826965332031,15.3173828125,20.970813751220703,59.76792907714844,43.776947021484375,50.29096221923828,27.92775535583496,24.366064071655273,90.99219512939453,55.88412094116211
2020-04-30,23.028982162475586,47.440704345703125,14.978399276733398,20.44161605834961,58.58185958862305,43.581478118896484,49.693885803222656,27.731534957885742,23.804821014404297,90.57442474365234,55.53641128540039
2020-05-01,22.545141220092773,46.78023147583008,14.130936622619629,19.786834716796875,56.811920166015625,42.38478088378906,49.14798355102539,26.881282806396484,23.231111526489258,88.84883880615234,53.459754943847656
2020-05-04,22.62504005432129,47.0538444519043,14.619707107543945,19.60744285583496,56.09115982055664,42.94736862182617,49.12239074707031,26.864927291870117,23.405725479125977,88.80343627929688,53.750301361083984
2020-05-05,22.682743072509766,47.29917907714844,14.6315279006958,19.544660568237305,56.31011962890625,43.53856658935547,49.16504669189453,27.036611557006836,23.596956253051758,90.72882843017578,53.94559097290039
2020-05-06,22.29212188720703,47.16707229614258,14.249191284179688,19.123088836669922,55.53464126586914,43.87706756591797,48.62767791748047,26.537904739379883,22.794591903686523,89.82971954345703,53.9360466003418
2020-05-07,22.749330520629883,48.05398941040039,14.619707107543945,19.571561813354492,56.182395935058594,44.5350227355957,48.4911994934082,26.77499771118164,22.886056900024414,89.82061767578125,54.783870697021484
2020-05-08,23.295316696166992,48.93147659301758,15.285848617553711,19.99313735961914,57.57829666137695,45.188175201416016,49.574466705322266,27.265522003173828,23.347515106201172,90.28378295898438,55.850791931152344
2020-05-11,22.940204620361328,48.95977783203125,15.017814636230469,19.60744285583496,56.85753631591797,45.48855209350586,49.50623321533203,26.93851089477539,23.24774169921875,91.83680725097656,55.72694778442383
2020-05-12,22.589529037475586,48.00681686401367,14.75372314453125,19.09617805480957,55.260929107666016,44.54930114746094,49.08827209472656,25.793926239013672,23.044034957885742,90.43819427490234,54.50762939453125
2020-05-13,22.114566802978516,47.18594741821289,14.083636283874512,18.531095504760742,53.87416076660156,43.781715393066406,48.64474105834961,25.385147094726562,22.848634719848633,89.45733642578125,53.569305419921875
2020-05-14,22.38534164428711,47.69545364379883,14.241302490234375,19.006488800048828,54.439815521240234,44.33952713012695,48.52531814575195,25.41785430908203,23.093923568725586,90.43819427490234,54.369476318359375
2020-05-15,22.580652236938477,48.355918884277344,14.18612289428711,18.880908966064453,54.24821853637695,44.56361770629883,48.951812744140625,25.32792091369629,22.786279678344727,91.20105743408203,55.002967834472656
2020-05-18,23.610477447509766,49.37493896484375,15.344975471496582,19.849624633789062,57.824623107910156,45.65541458129883,49.727996826171875,26.56243133544922,23.7216796875,91.95486450195312,57.084388732910156
2020-05-19,23.38408851623535,49.36549758911133,14.915331840515137,19.365262985229492,57.08563232421875,45.48855209350586,48.81532287597656,26.047372817993164,23.330883026123047,90.84687042236328,56.87958526611328
2020-05-20,23.7569580078125,50.733619689941406,15.510525703430176,19.795801162719727,58.153072357177734,46.48499298095703,49.39534378051758,26.29263687133789,23.45976448059082,90.95586395263672,57.622615814208984
2020-05-21,23.53057098388672,50.37506866455078,15.262197494506836,19.733013153076172,58.2899169921875,45.83659362792969,48.84944534301758,26.16183090209961,23.222797393798828,90.28378295898438,57.82742691040039
2020-05-22,23.49506378173828,50.677005767822266,15.16759967803955,19.661258697509766,58.24429702758789,46.00345993041992,49.02004623413086,26.734119415283203,23.48055648803711,90.47454071044922,57.7416877746582
2020-05-26,24.138702392578125,50.81853103637695,15.589359283447266,20.68379020690918,60.68940353393555,45.95578384399414,49.28445816040039,27.584381103515625,23.63437271118164,90.31105041503906,58.65618896484375
2020-05-27,24.38283920288086,51.17707061767578,15.790385246276855,21.580747604370117,62.71480178833008,46.21799850463867,50.02653884887695,28.17302131652832,23.917072296142578,91.24650573730469,59.66117477416992
2020-05-28,24.609224319458008,50.69588088989258,15.34891414642334,21.23990249633789,62.12178039550781,46.127418518066406,50.47008514404297,28.491867065429688,24.623817443847656,92.43621826171875,58.93719482421875
2020-05-29,24.613664627075195,50.96949768066406,15.277963638305664,20.997722625732422,61.73860168457031,46.709068298339844,50.52126693725586,28.32836151123047,24.815053939819336,93.55330657958984,59.15153884887695
2020-06-01,24.7823429107666,51.55448532104492,15.546004295349121,21.23990249633789,61.87544631958008,46.69477844238281,50.87099075317383,28.892471313476562,25.110225677490234,92.62694549560547,59.71356964111328
2020-06-02,25.230670928955078,51.76206970214844,15.97958755493164,21.410324096679688,62.67831802368164,47.13339614868164,51.0074577331543,29.080501556396484,25.272356033325195,93.16277313232422,60.22320556640625
2020-06-03,25.803295135498047,51.922462463378906,16.44864273071289,22.2086181640625,65.12342071533203,47.50051498413086,51.07569122314453,29.775428771972656,25.575841903686523,92.98114013671875,61.36155700683594
2020-06-04,25.89650535583496,51.53561782836914,16.45258903503418,22.692968368530273,65.8167724609375,47.109554290771484,50.82834243774414,29.21949577331543,25.1185359954834,92.2454833984375,61.05195617675781
2020-06-05,26.557903289794922,52.375362396240234,17.674510955810547,23.536109924316406,68.23451232910156,48.34916305541992,51.536285400390625,30.290498733520508,25.43864631652832,93.73493957519531,62.514198303222656
2020-06-08,26.593414306640625,53.35662841796875,18.47072982788086,23.984582901000977,69.60302734375,48.592315673828125,52.09072494506836,30.952722549438477,26.120450973510742,94.37977600097656,63.466796875
2020-06-09,26.269376754760742,53.22453308105469,17.776992797851562,23.47332000732422,67.86957550048828,48.821163177490234,51.66423416137695,30.592975616455078,25.596628189086914,93.3989028930664,62.971435546875
2020-06-10,25.971961975097656,53.06413650512695,16.90193748474121,22.594303131103516,66.24559783935547,49.636436462402344,51.51923751831055,30.02070426940918,25.446962356567383,93.25357818603516,62.38083267211914
2020-06-11,23.965591430664062,50.620391845703125,15.309500694274902,20.746578216552734,61.592628479003906,46.790130615234375,49.565940856933594,28.164838790893555,24.453365325927734,88.06780242919922,59.11343002319336
2020-06-12,24.431669235229492,51.06385803222656,15.695784568786621,21.374446868896484,62.787803649902344,47.395626068115234,49.574466705322266,29.055980682373047,24.39100456237793,88.63995361328125,59.699275970458984
2020-06-15,24.68912696838379,51.88472366333008,15.743086814880371,21.670442581176758,63.40821838378906,47.853328704833984,50.14595413208008,29.423887252807617,24.55729866027832,88.8397445678711,60.26606750488281
2020-06-16,25.20404052734375,52.309303283691406,16.196380615234375,22.01128387451172,64.64897155761719,48.87361145019531,50.93067932128906,29.91441535949707,24.669544219970703,91.02853393554688,61.533023834228516
2020-06-17,24.995410919189453,52.375362396240234,15.644545555114746,21.679410934448242,64.18368530273438,48.86407470703125,50.853919982910156,29.5628662109375,24.59471893310547,90.93772888183594,61.37107849121094
2020-06-18,25.01316261291504,52.545188903808594,15.837682723999023,21.652503967285156,63.946475982666016,49.0833854675293,51.11833953857422,29.194965362548828,24.590559005737305,90.62892150878906,61.1472282409668
2020-06-19,24.93770408630371,52.403663635253906,15.597244262695312,21.50899314880371,63.1618537902832,48.74488067626953,50.853919982910156,28.90064239501953,23.90044403076172,91.50080108642578,60.67092514038086
2020-06-22,25.030094146728516,52.51900863647461,15.669503211975098,21.4024715423584,63.268165588378906,49.66328048706055,50.708648681640625,28.818260192871094,24.133522033691406,91.14966583251953,61.29442596435547
2020-06-23,25.088111877441406,52.8593635559082,15.685473442077637,21.50177001953125,63.27732849121094,50.02184295654297,50.631290435791016,28.711162567138672,23.890384674072266,91.54183197021484,61.77659225463867
2020-06-24,24.356138229370117,51.668113708496094,14.815163612365723,20.74351692199707,61.07795715332031,48.89356231689453,49.78025817871094,27.977930068969727,23.67239761352539,89.15226745605469,60.415985107421875
2020-06-25,24.659639358520508,51.895015716552734,15.098613739013672,21.29414939880371,61.75611114501953,49.51985549926758,50.1327018737793,28.274520874023438,23.37895393371582,90.02783203125,60.49713897705078
2020-06-26,24.3204345703125,49.6070671081543,14.575632095336914,20.382448196411133,60.61060333251953,48.5445671081543,49.109771728515625,27.7884521484375,23.13162612915039,88.9333724975586,59.079246520996094
2020-06-29,24.793542861938477,50.52413558959961,14.77125072479248,20.608116149902344,62.59918975830078,49.07522201538086,50.03815841674805,28.26628303527832,23.567594528198242,89.73599243164062,60.20115280151367
2020-06-30,25.150598526000977,51.09139633178711,15.110590934753418,20.88794708251953,62.95658874511719,49.95490646362305,50.40777587890625,28.678205490112305,23.65562629699707,91.26821899414062,60.969783782958984
2020-07-01,25.20416259765625,52.358280181884766,14.743307113647461,20.707412719726562,62.6724967956543,50.036190032958984,50.450748443603516,29.460865020751953,24.208972930908203,91.970458984375,61.58563995361328
2020-07-02,25.677265167236328,52.188106536865234,14.906986236572266,20.734493255615234,63.21318435668945,50.32780456542969,50.708648681640625,29.362001419067383,24.2718563079834,92.66363525390625,61.82910919189453
2020-07-06,26.043258666992188,53.237545013427734,14.950897216796875,21.131668090820312,64.12039947509766,51.207489013671875,50.95792770385742,29.39495849609375,23.974220275878906,93.60302734375,63.294742584228516
2020-07-07,26.05218505859375,53.08626937866211,14.475821495056152,20.698383331298828,62.89243698120117,50.67203903198242,51.4221305847168,28.91712760925293,23.877803802490234,92.79133605957031,62.30174255371094
2020-07-08,25.68173599243164,53.558990478515625,14.463850021362305,20.91502571105957,62.89243698120117,51.499122619628906,51.29317855834961,28.900650024414062,24.091596603393555,92.80046081542969,62.96535110473633
2020-07-09,25.44071388244629,53.62516784667969,13.74924087524414,20.47271728515625,61.527000427246094,51.68556213378906,50.88916015625,28.80178451538086,23.76881217956543,92.07080841064453,62.893741607666016
2020-07-10,25.882585525512695,54.551692962646484,14.188385963439941,21.176803588867188,62.324275970458984,51.671234130859375,51.826148986816406,28.834733963012695,24.217357635498047,91.85191345214844,63.64327621459961
2020-07-13,25.882585525512695,53.454986572265625,14.112532615661621,21.267070770263672,62.58087158203125,50.600311279296875,51.7487907409668,28.381616592407227,24.242515563964844,92.37179565429688,62.83644485473633
2020-07-14,26.53421974182129,53.98442840576172,14.607569694519043,21.375394821166992,63.9371223449707,51.1835823059082,52.505245208740234,28.661727905273438,24.468881607055664,94.20499420166016,63.46185302734375
2020-07-15,26.98055076599121,54.30588150024414,14.922956466674805,21.799652099609375,65.5683364868164,51.46086883544922,52.5482292175293,28.793546676635742,24.372465133666992,95.42710876464844,64.36892700195312
2020-07-16,27.069808959960938,54.400413513183594,14.855087280273438,21.799652099609375,65.58666229248047,50.82503128051758,52.65996551513672,28.455766677856445,24.68267250061035,95.2720718383789,64.19706726074219
2020-07-17,27.297439575195312,54.27751159667969,14.647488594055176,21.619115829467773,65.98068237304688,51.07362365722656,52.94364547729492,28.851213455200195,25.240215301513672,96.5763168334961,63.896305084228516
2020-07-20,27.060884475708008,54.92986297607422,14.403964042663574,21.519817352294922,65.17426300048828,52.378787994384766,52.41068649291992,28.579347610473633,24.909048080444336,96.55805206298828,64.91793823242188
2020-07-21,27.297439575195312,54.66514587402344,15.274270057678223,21.944076538085938,66.03568267822266,51.85289764404297,52.86628341674805,28.587581634521484,25.02223014831543,96.49421691894531,65.01819610595703
2020-07-22,27.614337921142578,54.721866607666016,15.086637496948242,21.944076538085938,66.56719207763672,52.26884460449219,53.28749465942383,28.93359375,25.407896041870117,97.36067199707031,65.57676696777344
2020-07-23,27.52953338623047,53.83315658569336,15.058693885803223,21.96213722229004,66.36558532714844,50.911075592041016,53.476600646972656,28.78529930114746,25.437238693237305,96.92288970947266,64.59330749511719
2020-07-24,27.435806274414062,53.748077392578125,14.974848747253418,21.907976150512695,65.83406829833984,50.29435729980469,53.407833099365234,28.66996192932129,25.26955795288086,95.85578918457031,64.70787048339844
2020-07-27,27.833036422729492,54.11680221557617,14.990825653076172,21.72743797302246,66.10897827148438,51.08796691894531,53.67430877685547,29.00774574279785,24.96354103088379,96.5763168334961,65.10890197753906
2020-07-28,27.221567153930664,53.558990478515625,14.735321044921875,21.673274993896484,65.65081024169922,50.49036407470703,53.87202453613281,29.592679977416992,25.340822219848633,96.46685791015625,64.46440887451172
2020-07-29,27.444734573364258,54.05060958862305,15.042719841003418,22.07948112487793,66.64966583251953,51.22183609008789,53.94939041137695,30.15290069580078,25.458208084106445,97.4792251586914,65.11844635009766
2020-07-30,26.913599014282227,54.20188903808594,14.451870918273926,21.68230438232422,65.98068237304688,51.50867462158203,53.94939041137695,29.905744552612305,25.458208084106445,96.80431365966797,65.06592559814453
2020-07-31,26.940380096435547,54.95822525024414,14.38400650024414,21.691329956054688,65.7332763671875,52.79472351074219,53.89781951904297,29.872783660888672,25.500120162963867,96.24797058105469,65.40491485595703
2020-08-03,26.788625717163086,55.0055046081543,14.435901641845703,21.754518508911133,66.0081787109375,54.09511184692383,53.75167465209961,29.39495849609375,25.22344398498535,97.24210357666016,65.2664566040039
2020-08-04,27.168004989624023,55.355308532714844,14.787220001220703,21.664247512817383,66.17315673828125,54.23374938964844,54.42218780517578,29.831600189208984,25.500120162963867,96.81343078613281,65.79159545898438
2020-08-05,27.56523895263672,55.270233154296875,14.942916870117188,21.96213722229004,67.43778228759766,54.43455123901367,54.310428619384766,29.609153747558594,25.173139572143555,97.26033782958984,66.5936508178711
2020-08-06,27.44919204711914,56.726200103759766,14.823145866394043,21.95310401916504,67.69436645507812,55.19948196411133,54.30183792114258,29.666828155517578,25.319868087768555,96.74047088623047,66.91828918457031
2020-08-07,27.542924880981445,56.660011291503906,14.843109130859375,22.422502517700195,68.84903717041016,54.37717056274414,54.5941047668457,30.07050895690918,25.776798248291016,97.0505599975586,67.01854705810547
2020-08-10,27.810720443725586,56.47092819213867,15.302217483520508,22.58498191833496,70.54438018798828,54.22418975830078,54.877777099609375,30.021080017089844,25.768407821655273,96.72220611572266,67.82056427001953
2020-08-11,27.76162338256836,55.62948989868164,15.25031852722168,22.84675407409668,70.92008209228516,53.248905181884766,54.49954605102539,29.44439125061035,25.210872650146484,96.11115264892578,67.68692779541016
2020-08-12,27.92676544189453,56.291290283203125,15.402026176452637,22.7835693359375,71.14920043945312,54.45846176147461,55.20444107055664,29.815113067626953,25.57557487487793,97.72547912597656,68.58443450927734
2020-08-13,27.92230224609375,56.574928283691406,15.102606773376465,22.639141082763672,70.7734603881836,54.48234939575195,55.16145706176758,29.469099044799805,25.533655166625977,97.59779357910156,68.55579376220703
2020-08-14,27.953540802001953,56.56547927856445,15.246325492858887,22.729402542114258,71.04839324951172,54.44409942626953,55.152854919433594,29.543251037597656,25.311473846435547,97.40625762939453,68.5510025024414
2020-08-17,28.078519821166992,56.63165283203125,15.158498764038086,22.350284576416016,70.71846008300781,54.80744934082031,55.462310791015625,29.806873321533203,25.277942657470703,97.98086547851562,69.43423461914062
2020-08-18,27.96246910095215,57.14218521118164,14.966872215270996,22.205856323242188,70.3335952758789,55.013031005859375,55.68581008911133,29.773929595947266,25.164758682250977,97.95350646972656,69.8638916015625
2020-08-19,27.88213348388672,56.9814567565918,14.795208930969238,22.19682502746582,70.15033721923828,54.94610595703125,55.24740982055664,29.164283752441406,25.089298248291016,97.63426971435547,69.53447723388672
2020-08-20,27.783939361572266,57.690547943115234,14.475821495056152,21.989212036132812,69.77459716796875,55.67756652832031,55.13566970825195,29.477336883544922,24.867124557495117,97.32416534423828,69.429443359375
2020-08-21,27.623262405395508,57.435279846191406,14.38400650024414,21.944076538085938,70.0586929321289,56.385135650634766,55.27320098876953,29.576200485229492,24.909048080444336,97.42450714111328,69.78750610351562
2020-08-24,28.109758377075195,58.13489532470703,14.779236793518066,22.46763038635254,71.32330322265625,56.87276077270508,55.74598693847656,29.617389678955078,25.127031326293945,96.97759246826172,70.84733581542969
2020-08-25,27.998178482055664,58.683250427246094,14.571640968322754,22.53082275390625,71.231689453125,57.15962219238281,55.62563705444336,29.708019256591797,24.88808250427246,97.63426971435547,71.08129119873047
2020-08-26,28.292749404907227,60.68756866455078,14.264237403869629,22.422502517700195,71.268310546875,58.32136917114258,55.69441223144531,29.50205421447754,24.611406326293945,97.5157241821289,71.7830810546875
2020-08-27,28.21688461303711,59.950138092041016,14.292181015014648,22.801624298095703,71.52491760253906,58.36917495727539,56.038265228271484,29.897502899169922,24.691057205200195,98.28180694580078,71.39637756347656
2020-08-28,28.551624298095703,60.091949462890625,14.547683715820312,22.891891479492188,72.20304107666016,58.8807258605957,56.536827087402344,30.128183364868164,24.76232147216797,98.5007095336914,71.86421966552734
2020-08-31,28.11422348022461,59.80831527709961,14.232298851013184,22.6210880279541,71.30497741699219,59.067176818847656,56.373504638671875,29.864543914794922,24.837783813476562,98.73783111572266,71.65416717529297
2020-09-01,28.90423011779785,60.29994583129883,14.136482238769531,22.68427276611328,72.0289306640625,60.19546127319336,56.433677673339844,29.815113067626953,24.552719116210938,97.85318756103516,72.40370178222656
2020-09-02,29.56032371520996,61.58573913574219,14.068621635437012,23.009235382080078,73.22026062011719,60.73090362548828,57.45661544799805,30.482439041137695,25.315673828125,99.81407165527344,73.4062728881836
2020-09-03,28.743539810180664,59.49632263183594,13.964818954467773,22.65719223022461,71.16751098632812,57.269588470458984,56.468074798583984,29.971660614013672,25.03061294555664,97.09618377685547,71.0765151977539
2020-09-04,28.761394500732422,58.40907669067383,13.920909881591797,22.828704833984375,71.33246612548828,56.47118377685547,56.339111328125,29.864543914794922,24.88808250427246,96.40302276611328,70.25536346435547
2020-09-08,28.22134017944336,56.86802291870117,13.413891792297363,22.241960525512695,69.99452209472656,53.91822052001953,55.152854919433594,29.485584259033203,24.749746322631836,94.81604766845703,69.33396911621094
2020-09-09,28.9488582611084,57.548728942871094,13.50571346282959,22.46763038635254,71.07588195800781,55.67756652832031,55.952293395996094,29.806873321533203,25.07672882080078,96.49421691894531,70.64208221435547
2020-09-10,28.676597595214844,56.69783020019531,13.010677337646484,22.151695251464844,70.16865539550781,54.42021179199219,55.264610290527344,29.386716842651367,24.64494514465332,95.01670837402344,69.62997436523438
2020-09-11,29.042583465576172,56.5181999206543,13.022652626037598,22.30514907836914,71.1217041015625,54.00428009033203,55.57406997680664,29.28785514831543,24.703632354736328,95.39064025878906,69.73499298095703
2020-09-14,29.46213722229004,56.73565673828125,13.122459411621094,22.612062454223633,72.08391571044922,55.1373291015625,55.93511199951172,30.00460433959961,25.043190002441406,96.75869750976562,70.47498321533203
2020-09-15,29.604961395263672,57.747276306152344,13.026646614074707,22.30514907836914,72.12972259521484,55.682342529296875,55.857749938964844,30.400054931640625,25.210872650146484,96.88641357421875,71.05265808105469
2020-09-16,29.627277374267578,57.1232795715332,13.549627304077148,22.557897567749023,72.86285400390625,54.8217887878418,55.60845184326172,30.597763061523438,25.17733383178711,96.72220611572266,70.65640258789062
2020-09-17,29.845975875854492,56.07384490966797,13.569587707519531,22.323204040527344,73.00947570800781,54.36762237548828,55.25599670410156,29.922218322753906,24.971923828125,96.40302276611328,69.66336822509766
2020-09-18,29.332700729370117,55.53495407104492,13.417885780334473,22.2780704498291,72.19388580322266,53.430580139160156,54.748836517333984,29.32905387878418,24.53175926208496,96.25708770751953,68.69422912597656
2020-09-21,28.345256805419922,54.885013580322266,12.973137855529785,21.719871520996094,69.79740142822266,53.8747444152832,54.33116912841797,28.544172286987305,24.37912368774414,94.4788589477539,67.70199584960938
2020-09-22,28.399066925048828,55.946144104003906,12.839226722717285,21.53833770751953,70.48738098144531,54.72761535644531,54.651119232177734,28.88397979736328,24.531341552734375,94.27739715576172,69.1324691772461
2020-09-23,27.564992904663086,54.610252380371094,12.25894546508789,21.057289123535156,69.22701263427734,53.021873474121094,53.82962417602539,28.055171966552734,24.155040740966797,93.30679321289062,67.99862670898438
2020-09-24,27.762296676635742,54.71446990966797,12.254889488220215,21.102676391601562,69.32820129394531,53.318939208984375,54.22740173339844,28.18777847290039,24.42563819885254,92.83979034423828,67.96990966796875
2020-09-25,28.00893783569336,55.444000244140625,12.246769905090332,21.320510864257812,70.3677749633789,54.59346008300781,54.51276779174805,28.73478889465332,24.82730484008789,94.33236694335938,68.85499572753906
2020-09-28,28.461849212646484,56.182987213134766,12.534881591796875,21.82878875732422,71.6373291015625,55.63798904418945,55.12672424316406,29.232084274291992,24.89072608947754,95.18392181396484,70.29505157470703
2020-09-29,28.251081466674805,56.23983383178711,12.189961433410645,21.556493759155273,71.00252532958984,55.451114654541016,54.7635383605957,29.082889556884766,24.88227081298828,95.06488037109375,69.74966430664062
2020-09-30,28.5380802154541,56.27774429321289,12.153438568115234,21.846940994262695,70.81854248046875,55.91587448120117,55.42937469482422,29.232084274291992,25.10635757446289,96.58489990234375,70.31897735595703
2020-10-01,28.13449478149414,57.083065032958984,11.780111312866211,21.88324737548828,70.60697174072266,56.5052375793457,55.740684509277344,29.712783813476562,25.360042572021484,96.25525665283203,71.23754119873047
2020-10-02,28.3856143951416,55.95561599731445,11.893732070922852,22.055694580078125,71.39813232421875,55.07259750366211,55.42937469482422,30.193498611450195,25.660232543945312,95.37622833251953,70.9361572265625
2020-10-05,28.9282169342041,56.87462615966797,12.250829696655273,22.418752670288086,72.54805755615234,56.2800178527832,55.801212310791016,30.359256744384766,25.981569290161133,97.33577728271484,71.87385559082031
2020-10-06,28.564985275268555,55.68085861206055,12.068222045898438,22.19184112548828,71.6649169921875,55.40798568725586,55.43802261352539,30.102325439453125,26.201431274414062,96.04466247558594,70.5438461303711
2020-10-07,29.30040740966797,56.0882568359375,12.238655090332031,22.56397819519043,73.24725341796875,56.42378234863281,56.034698486328125,30.18520736694336,26.362096786499023,97.85768127441406,72.1561279296875
2020-10-08,29.596372604370117,56.817779541015625,12.697200775146484,22.872575759887695,73.97402954101562,56.71604919433594,56.40653610229492,30.690786361694336,26.844099044799805,98.33383178710938,72.6297607421875
2020-10-09,29.82508087158203,57.15885925292969,12.494304656982422,22.89980697631836,74.25000762939453,57.58330154418945,56.8475341796875,30.607894897460938,26.839868545532227,99.22203063964844,73.38568115234375
2020-10-12,29.77574920654297,58.665279388427734,12.52676773071289,23.153947830200195,74.67318725585938,59.154876708984375,57.50474548339844,30.765377044677734,27.008995056152344,99.89962005615234,74.36165618896484
2020-10-13,29.51117515563965,58.72212600708008,12.331987380981445,22.70920181274414,73.84520721435547,58.77635192871094,57.46150207519531,30.243223190307617,26.82295799255371,99.13960266113281,74.34729766845703
2020-10-14,29.596372604370117,58.02101516723633,12.384740829467773,22.49136734008789,74.25920867919922,58.46491622924805,57.16749954223633,29.89512062072754,26.789138793945312,98.56275177001953,73.5244140625
2020-10-15,29.51117515563965,57.575721740722656,12.534881591796875,22.663818359375,74.52598571777344,58.20138931274414,57.202083587646484,30.036026000976562,26.772226333618164,97.84851837158203,73.79713439941406
2020-10-16,29.717453002929688,57.585201263427734,12.250829696655273,22.681968688964844,75.06877136230469,58.03369140625,57.21936798095703,29.928274154663086,27.059730529785156,98.81914520263672,73.1273422241211
2020-10-19,29.37216567993164,56.55249786376953,11.991122245788574,22.33707046508789,74.13960266113281,56.970001220703125,56.47570037841797,29.455860137939453,26.83141326904297,97.25333404541016,72.2278823852539
2020-10-20,29.43942642211914,56.95988464355469,12.133149147033691,22.518596649169922,74.52598571777344,57.16644287109375,56.41517639160156,29.654766082763672,26.992088317871094,97.38153839111328,72.80680084228516
2020-10-21,29.327320098876953,57.91680908203125,11.901849746704102,22.400602340698242,73.77161407470703,57.080196380615234,56.4670524597168,29.547025680541992,26.920202255249023,96.896240234375,72.4096908569336
2020-10-22,29.48875617980957,58.295772552490234,12.392858505249023,22.845354080200195,74.37879180908203,56.8118782043457,56.44112014770508,29.33983039855957,27.300731658935547,98.36128234863281,72.5580062866211
2020-10-23,29.596372604370117,58.845298767089844,12.331987380981445,22.91796112060547,74.67318725585938,56.74959945678711,56.54488754272461,29.53044319152832,27.3768367767334,98.72756958007812,73.19432067871094
2020-10-26,28.856462478637695,57.5567741394043,11.889676094055176,22.400602340698242,72.8056640625,55.5181999206543,55.81851577758789,29.174057006835938,27.368383407592773,97.62879180908203,71.78775024414062
2020-10-27,28.582927703857422,57.92628860473633,11.735474586486816,21.992162704467773,71.21412658691406,55.796104431152344,55.67150115966797,28.801095962524414,27.34724235534668,96.9603271484375,71.7542495727539
2020-10-28,27.7757511138916,55.652427673339844,11.244468688964844,21.429428100585938,68.87742614746094,53.429141998291016,54.04580307006836,28.16290855407715,26.5523624420166,93.88367462158203,69.48651123046875
2020-10-29,28.349746704101562,57.05464553833008,11.589390754699707,21.59280014038086,69.88018798828125,54.320350646972656,54.028507232666016,28.48615074157715,26.62424087524414,93.114501953125,69.9266586303711
2020-10-30,28.331806182861328,56.0882568359375,11.654317855834961,21.656333923339844,69.79740142822266,53.117698669433594,53.838260650634766,28.303817749023438,26.374778747558594,93.08702850341797,68.4004898071289
2020-11-02,29.27350616455078,56.05983352661133,12.051992416381836,22.06477165222168,71.68329620361328,53.25185012817383,54.69435501098633,29.000011444091797,26.95403289794922,94.76271057128906,68.88849639892578
2020-11-03,29.73090362548828,56.893577575683594,11.983006477355957,22.554899215698242,73.7992172241211,54.19097137451172,55.593685150146484,29.455860137939453,27.343013763427734,96.1453857421875,70.40509796142578
2020-11-04,29.224180221557617,59.34743118286133,11.999242782592773,22.291683197021484,73.03565216064453,56.299198150634766,55.6196174621582,29.53873634338379,26.93288803100586,100.41240692138672,71.9025650024414
2020-11-05,30.4169979095459,60.493839263916016,11.999242782592773,22.836267471313477,74.75598907470703,58.048065185546875,56.02604675292969,29.646480560302734,27.17388916015625,100.61384582519531,73.30435180664062
2020-11-06,30.493236541748047,60.351722717285156,11.739532470703125,22.65474510192871,74.82957458496094,58.25409698486328,56.28546142578125,29.53044319152832,27.114696502685547,100.65047454833984,73.08426666259766
2020-11-09,31.179338455200195,59.84010696411133,13.415449142456055,24.515405654907227,77.37785339355469,57.832454681396484,56.15576171875,30.30953025817871,27.617835998535156,101.59362030029297,72.84508514404297
2020-11-10,31.54705047607422,59.650611877441406,13.84964656829834,24.642478942871094,78.7394027709961,56.75437927246094,57.262611389160156,30.475292205810547,28.01527976989746,101.8866195678711,72.58671569824219
2020-11-11,31.07619857788086,60.190650939941406,13.707616806030273,24.542638778686523,78.07703399658203,58.10078430175781,57.75551223754883,30.70735740661621,28.120983123779297,101.7584457397461,73.22301483154297
2020-11-12,30.42148780822754,59.849571228027344,13.26530647277832,24.134197235107422,77.18466186523438,57.58330154418945,57.59986877441406,30.392410278320312,27.668577194213867,101.38302612304688,72.24224853515625
2020-11-13,30.946144104003906,60.740169525146484,13.748197555541992,24.53356170654297,78.89579010009766,58.07201385498047,58.39541244506836,31.088611602783203,27.94339942932129,102.66494750976562,73.41439819335938
2020-11-16,31.55600929260254,61.12860870361328,14.653111457824707,25.078144073486328,80.8185043334961,58.63261032104492,58.931549072265625,31.287519454956055,28.2266845703125,102.49097442626953,74.37602233886719
2020-11-17,31.439420700073242,60.91069793701172,14.803255081176758,25.041839599609375,80.60691833496094,58.30680465698242,58.5164680480957,31.304101943969727,27.672801971435547,101.82252502441406,74.06028747558594
2020-11-18,31.179338455200195,60.29487991333008,14.373117446899414,24.805850982666016,80.24815368652344,57.68391799926758,57.71227264404297,30.773664474487305,27.131608963012695,99.9271011352539,73.55313873291016
2020-11-19,31.309383392333984,60.66436767578125,14.608475685119629,24.887540817260742,80.45051574707031,58.148681640625,57.867923736572266,30.823389053344727,26.861013412475586,99.85384368896484,73.91674041748047
2020-11-20,31.282472610473633,60.52226257324219,14.531377792358398,24.66970443725586,79.7237777709961,57.54976272583008,57.50474548339844,30.616188049316406,26.865238189697266,99.62493896484375,73.52922821044922
2020-11-23,31.542558670043945,60.5506706237793,15.558029174804688,25.132604598999023,81.05770874023438,57.5353889465332,57.52201843261719,30.516740798950195,26.86946678161621,99.3685302734375,74.33776092529297
2020-11-24,32.32730484008789,61.79182052612305,16.357431411743164,26.01301383972168,82.47444152832031,58.33555221557617,57.911170959472656,30.50014877319336,27.1569766998291,99.66154479980469,75.44293212890625
2020-11-25,31.990989685058594,61.782352447509766,15.975996017456055,25.922252655029297,81.848876953125,58.46012878417969,57.8765754699707,30.574748992919922,27.228851318359375,99.29527282714844,75.53382110595703
2020-11-27,32.15690612792969,62.180259704589844,15.789325714111328,25.840559005737305,81.71086883544922,58.771575927734375,57.867923736572266,30.516740798950195,26.958255767822266,100.21096801757812,75.69648742675781
2020-11-30,31.83403205871582,61.96235656738281,14.916873931884766,25.305055618286133,80.9841079711914,59.16447448730469,57.859275817871094,30.251510620117188,26.569276809692383,100.48565673828125,75.23719024658203
2020-12-01,32.183807373046875,63.09928894042969,14.985862731933594,25.695337295532227,80.7817153930664,59.921512603759766,58.36946105957031,30.632768630981445,26.755306243896484,101.32807922363281,75.79692840576172
2020-12-02,31.771259307861328,63.68670654296875,15.472809791564941,25.97671127319336,80.8921127319336,59.83047866821289,57.885215759277344,30.30953025817871,26.93288803100586,102.08808135986328,75.32330322265625
2020-12-03,31.5515193939209,63.402462005615234,15.63512897491455,25.98578453063965,81.10370635986328,59.79214096069336,58.032230377197266,30.533308029174805,26.65383529663086,101.95989227294922,75.53382110595703
2020-12-04,32.18830108642578,63.45931625366211,16.48729133605957,26.303457260131836,82.06965637207031,60.39107131958008,58.48188018798828,30.93942642211914,26.387462615966797,103.04954528808594,75.6055679321289
2020-12-07,31.977535247802734,63.85725021362305,16.101787567138672,26.121931076049805,81.67406463623047,60.563568115234375,58.2570686340332,30.632768630981445,26.535442352294922,102.4177017211914,75.43331909179688
2020-12-08,32.15690612792969,63.76249694824219,16.341201782226562,26.112852096557617,82.06965637207031,60.760005950927734,58.57701110839844,30.49186897277832,26.455116271972656,103.196044921875,75.27547454833984
2020-12-09,32.174842834472656,63.00455093383789,16.377723693847656,26.04932403564453,82.253662109375,59.59569549560547,58.343528747558594,30.210079193115234,26.408601760864258,102.83892059326172,75.20369720458984
2020-12-10,31.977535247802734,63.042449951171875,16.880901336669922,26.094703674316406,81.47167205810547,59.68193435668945,58.0841064453125,30.0443058013916,26.27330780029297,102.66494750976562,75.13672637939453
2020-12-11,31.793678283691406,63.42140579223633,16.686124801635742,25.831485748291016,81.66487121582031,59.557369232177734,58.21381759643555,30.060884475708008,26.31558609008789,102.26207733154297,74.77790832519531
2020-12-14,31.390087127685547,63.22246551513672,16.101787567138672,25.531965255737305,80.60691833496094,59.77299118041992,57.988990783691406,29.84539794921875,26.180288314819336,101.4928970336914,74.88793182373047
2020-12-15,31.9596004486084,63.74353790283203,16.418304443359375,25.967636108398438,81.7292709350586,60.769596099853516,58.12734603881836,30.3675479888916,26.696115493774414,102.59170532226562,75.89743041992188
2020-12-16,31.86992073059082,63.68670654296875,16.337146759033203,26.01301383972168,81.22329711914062,61.18165969848633,58.23976135253906,30.375825881958008,26.387462615966797,102.2895278930664,76.39496612548828
2020-12-17,32.23762893676758,63.52564239501953,16.260040283203125,26.085630416870117,81.7200698852539,61.665584564208984,58.61158752441406,30.732223510742188,26.565046310424805,103.38834381103516,76.91645812988281
2020-12-18,32.381126403808594,63.58249282836914,15.988162994384766,25.858707427978516,81.7292709350586,61.449981689453125,58.741294860839844,30.201784133911133,26.33673095703125,103.47074890136719,76.54330444335938
2020-12-21,32.20941925048828,63.038726806640625,15.679750442504883,26.20729637145996,81.23600006103516,61.51144790649414,58.10825729370117,29.929773330688477,26.017797470092773,102.43546295166016,75.6786117553711
2020-12-22,32.0111198425293,62.450382232666016,15.416572570800781,25.951791763305664,80.85723876953125,62.0445442199707,57.69842529296875,30.139652252197266,25.966629028320312,102.1228256225586,75.35269927978516
2020-12-23,32.05618667602539,62.810997009277344,15.757879257202148,26.38067054748535,81.28218078613281,61.57388687133789,57.890254974365234,29.854209899902344,25.91546058654785,102.1963882446289,75.51563262939453
2020-12-24,32.25899887084961,62.877403259277344,15.675643920898438,26.417173385620117,81.2914047241211,61.98210144042969,58.17800521850586,30.148054122924805,26.09880828857422,102.49061584472656,75.673828125
2020-12-28,32.132808685302734,64.00665283203125,15.576944351196289,26.544925689697266,81.39302062988281,62.68328094482422,58.640159606933594,30.391525268554688,26.21393394470215,102.74805450439453,76.53656768798828
2020-12-29,32.05618667602539,63.94971466064453,15.474145889282227,26.453672409057617,80.90342712402344,62.3855094909668,58.465763092041016,30.156448364257812,26.209665298461914,103.23538208007812,76.56055450439453
2020-12-30,32.49785614013672,63.522708892822266,15.716764450073242,26.572301864624023,81.42074584960938,62.351898193359375,58.404720306396484,30.324350357055664,26.34184455871582,103.21697235107422,77.02069091796875
2020-12-31,32.6240348815918,64.0351333618164,15.585166931152344,26.90080451965332,81.79949188232422,62.443153381347656,58.814544677734375,30.693754196166992,26.73411750793457,104.30191802978516,77.0638198852539
2021-01-04,32.31306838989258,63.086181640625,15.609840393066406,26.53580093383789,79.82262420654297,61.42499923706055,58.17800521850586,29.703102111816406,26.06043815612793,103.85140991210938,76.41193389892578
2021-01-05,33.03865432739258,63.313941955566406,16.308914184570312,26.65442657470703,80.60783386230469,61.823612213134766,58.17800521850586,29.669511795043945,26.056169509887695,104.60533905029297,76.98233032226562
2021-01-06,34.39066696166992,63.0102653503418,16.806486129760742,27.831565856933594,82.52925872802734,60.757442474365234,58.22160339355469,29.52679443359375,26.704267501831055,106.0396728515625,77.76841735839844
2021-01-07,34.64754867553711,63.8453369140625,17.05321502685547,28.233068466186523,82.98189544677734,62.39513397216797,58.04721450805664,29.619140625,26.35464096069336,107.41886138916016,79.26866912841797
2021-01-08,34.48080825805664,64.04460144042969,17.03265953063965,28.21482276916504,82.77867889404297,62.79853439331055,58.33498001098633,29.93816566467285,26.57635498046875,107.93372344970703,80.90311431884766
2021-01-11,34.48080825805664,62.90586471557617,17.29994773864746,28.306072235107422,82.75096130371094,62.279850006103516,57.83794021606445,29.434444427490234,26.329055786132812,108.43942260742188,79.39328002929688
2021-01-12,34.91796112060547,61.8904914855957,17.904438018798828,28.598072052001953,83.57311248779297,61.98210144042969,57.6461067199707,29.45962142944336,26.188344955444336,107.26254272460938,80.60594177246094
2021-01-13,34.561927795410156,62.10874938964844,17.76462745666504,28.579822540283203,82.85256958007812,62.37592697143555,57.73331069946289,29.86260223388672,26.70000457763672,107.55675506591797,80.60116577148438
2021-01-14,34.44474411010742,61.75764465332031,18.290985107421875,28.707576751708984,83.13893127441406,61.82841491699219,57.42811584472656,30.047313690185547,26.597675323486328,107.21656799316406,80.08828735351562
2021-01-15,33.95352554321289,61.95692825317383,17.57957649230957,28.233068466186523,82.05814361572266,61.194480895996094,57.22755813598633,30.509063720703125,26.857769012451172,107.54757690429688,79.46995544433594
2021-01-19,34.0706901550293,63.07667922973633,17.933225631713867,28.306072235107422,82.32601928710938,61.99170684814453,56.97467803955078,30.307558059692383,26.75543785095215,108.35667419433594,79.92052459716797
2021-01-20,34.183353424072266,65.06000518798828,17.999021530151367,28.187442779541016,82.83409881591797,63.221153259277344,57.0793342590332,30.93722152709961,26.913196563720703,108.95431518554688,81.43035888671875
2021-01-21,33.68311309814453,65.29723358154297,17.390417098999023,27.88631820678711,82.18745422363281,64.03759765625,56.88749313354492,30.83647346496582,26.75543785095215,108.43942260742188,81.80901336669922
2021-01-22,33.52088165283203,65.32568359375,17.29994773864746,27.685564041137695,81.76253509521484,63.79266357421875,56.73926544189453,30.912046432495117,26.793811798095703,108.11759948730469,81.53101348876953
2021-01-25,33.34510803222656,65.70528411865234,17.12312889099121,27.484813690185547,81.2082748413086,64.32576751708984,57.3060302734375,31.189088821411133,27.331052780151367,108.82560729980469,81.8329849243164
2021-01-26,32.88542175292969,66.59728240966797,16.757143020629883,27.265810012817383,80.46000671386719,64.36897277832031,57.820499420166016,31.508113861083984,27.05816650390625,108.42102813720703,81.78025817871094
2021-01-27,31.91648292541504,64.44319152832031,16.530975341796875,26.462800979614258,78.86190032958984,63.1539192199707,56.84389114379883,31.105131149291992,26.329055786132812,105.12943267822266,79.25907897949219
2021-01-28,32.466304779052734,64.6709213256836,16.7242431640625,26.95555877685547,80.03508758544922,63.41326904296875,57.061885833740234,31.189088821411133,26.644575119018555,106.66490173339844,79.50831604003906
2021-01-29,31.835372924804688,63.465763092041016,16.169103622436523,26.417173385620117,78.30762481689453,61.919654846191406,55.88472366333008,30.861661911010742,26.499605178833008,105.76386260986328,77.65337371826172
2021-02-01,32.20941925048828,64.65196228027344,16.284238815307617,26.763925552368164,79.12055969238281,63.47090148925781,55.937049865722656,31.55848503112793,26.62752342224121,106.16838836669922,79.67127990722656
2021-02-02,32.63304901123047,65.63886260986328,16.4610652923584,27.41180992126465,80.80181884765625,64.33056640625,56.311988830566406,31.692808151245117,26.8449764251709,106.4718246459961,81.36325073242188
2021-02-03,32.69615173339844,66.5213623046875,17.164247512817383,27.56693458557129,80.85723876953125,64.10964965820312,56.39918518066406,31.566883087158203,26.75969886779785,105.71784973144531,80.90791320800781
2021-02-04,32.5789794921875,66.91991424560547,17.353410720825195,28.17831802368164,81.72560119628906,65.13258361816406,56.809017181396484,31.74318504333496,26.968626022338867,106.1592025756836,81.77069091796875
2021-02-05,33.13779830932617,67.7645034790039,17.501447677612305,28.187442779541016,82.2059326171875,64.98851776123047,57.34091567993164,31.85233497619629,27.113595962524414,106.352294921875,82.55195617675781
2021-02-08,33.41271209716797,68.03020477294922,18.233415603637695,28.552448272705078,82.90799713134766,65.67048645019531,57.55891036987305,31.919492721557617,26.9046688079834,106.48100280761719,83.02168273925781
2021-02-09,33.164833068847656,68.25794982910156,18.040143966674805,28.561573028564453,83.12046813964844,65.59364318847656,57.506595611572266,32.06221008300781,26.943042755126953,106.63731384277344,82.5615234375
2021-02-10,33.12879180908203,68.90324401855469,18.38556671142578,28.561573028564453,82.99114227294922,65.4975814819336,57.44556427001953,32.28049087524414,27.049638748168945,106.83041381835938,81.74671936035156
2021-02-11,33.16034698486328,68.9791488647461,18.101823806762695,28.47032356262207,82.81562805175781,66.21797180175781,57.192684173583984,32.22172927856445,26.896142959594727,107.03266143798828,81.52143096923828
2021-02-12,33.50284194946289,69.27333068847656,18.36911392211914,28.762327194213867,83.41607666015625,66.55895233154297,57.27988815307617,32.21332550048828,26.70000457763672,107.83260345458984,81.6364517211914
2021-02-16,33.43974304199219,69.60545349121094,18.829683303833008,29.255081176757812,83.33293151855469,66.34286499023438,57.17524337768555,31.86911964416504,26.401540756225586,106.76603698730469,81.28174591064453
2021-02-17,33.421722412109375,69.80473327636719,19.10930824279785,29.401084899902344,83.10198211669922,65.75691986083984,57.384525299072266,31.894317626953125,26.42285919189453,107.1521987915039,81.75150299072266
2021-02-18,33.214412689208984,69.4631118774414,18.67753028869629,29.227705001831055,82.68631744384766,65.43515014648438,57.34963607788086,31.877513885498047,26.58061981201172,106.48100280761719,81.77546691894531
2021-02-19,33.82281494140625,68.77986907958984,18.99005699157715,29.574466705322266,84.04422760009766,65.33910369873047,56.62590408325195,31.97825813293457,26.184085845947266,105.19377899169922,81.30094146728516
2021-02-22,33.95352554321289,68.50469207763672,19.648006439208984,29.848215103149414,84.31211853027344,63.89833450317383,56.678218841552734,32.162960052490234,25.672426223754883,104.94552612304688,79.58501434326172
2021-02-23,34.0706901550293,69.03609466552734,19.972875595092773,30.03071403503418,84.5707778930664,63.72060775756836,56.756690979003906,32.28049087524414,25.885616302490234,104.7708511352539,79.06256103515625
2021-02-24,34.368141174316406,69.15946197509766,20.680164337158203,30.614717483520508,86.16890716552734,64.69554138183594,56.721824645996094,32.43162155151367,25.582889556884766,105.49720764160156,79.89177703857422
2021-02-25,33.57495880126953,67.65061950683594,20.281282424926758,30.058086395263672,84.58002471923828,62.43354415893555,56.102718353271484,31.9027042388916,25.35264015197754,104.43984985351562,76.9200210571289
2021-02-26,33.146812438964844,67.91632843017578,19.800155639648438,29.48320960998535,83.70244598388672,62.76492691040039,55.19586181640625,31.348604202270508,24.883623123168945,103.53878784179688,77.24117279052734
2021-03-01,33.98506546020508,69.65292358398438,20.31418228149414,30.40484046936035,85.84558868408203,64.78678894042969,55.7539176940918,31.382179260253906,25.43365478515625,104.89037322998047,79.05296325683594
2021-03-02,34.174339294433594,69.14046478271484,20.20315170288086,30.29534149169922,85.59616088867188,63.759063720703125,55.658016204833984,31.189088821411133,25.356904983520508,104.58692932128906,78.14226531982422
2021-03-03,33.83633804321289,68.153564453125,20.499221801757812,30.5325984954834,85.68853759765625,62.15499496459961,55.396419525146484,30.802892684936523,25.058439254760742,103.26295471191406,76.30651092529297
2021-03-04,33.17836380004883,68.03020477294922,20.98857879638672,30.185840606689453,84.32135772705078,60.78145217895508,55.19586181640625,30.576215744018555,25.037120819091797,101.87459564208984,74.69123840332031
2021-03-05,33.93999481201172,69.62445068359375,21.774005889892578,30.760719299316406,86.31669616699219,61.92927551269531,56.41661834716797,30.9288330078125,25.446447372436523,103.91574096679688,75.16575622558594
2021-03-08,34.39516830444336,68.6944808959961,21.815122604370117,31.153100967407227,87.22198486328125,60.43086242675781,56.66078186035156,31.07994842529297,25.804603576660156,103.6583023071289,75.2568130493164
2021-03-09,34.606990814208984,69.4631118774414,21.432693481445312,30.870227813720703,86.86170959472656,62.486358642578125,56.608455657958984,31.432552337646484,26.145713806152344,104.26514434814453,78.0991439819336
2021-03-10,35.1793327331543,69.75729370117188,21.975500106811523,31.49985122680664,88.14575958251953,62.23662567138672,57.34963607788086,31.74318504333496,26.324787139892578,104.50420379638672,78.49697875976562
2021-03-11,35.368629455566406,71.07633972167969,21.983722686767578,31.408597946166992,88.21040344238281,63.56694412231445,57.210121154785156,32.21332550048828,26.256568908691406,105.13861846923828,79.70004272460938
2021-03-12,35.463260650634766,70.87705993652344,22.028961181640625,31.727985382080078,89.39282989501953,63.11073303222656,57.68098831176758,32.76742935180664,26.6104679107666,105.36846160888672,79.9349136352539
2021-03-15,35.503814697265625,71.37997436523438,21.778118133544922,31.545480728149414,90.1410903930664,63.78307342529297,57.93385696411133,33.13683319091797,26.95157241821289,106.0948486328125,81.00856018066406
2021-03-16,35.21088409423828,72.12969207763672,21.15717887878418,31.216976165771484,88.85704803466797,64.2633285522461,58.00362014770508,33.13683319091797,26.985681533813477,106.03045654296875,80.16976928710938
2021-03-17,35.52635955810547,72.13914489746094,21.32166290283203,31.42685890197754,89.88245391845703,64.21047973632812,57.916419982910156,33.08645248413086,26.5465087890625,105.64431762695312,81.29615783691406
2021-03-18,35.32805252075195,70.94348907470703,20.363525390625,31.591106414794922,89.79930114746094,62.428741455078125,57.68098831176758,32.87657928466797,26.448444366455078,105.42364501953125,79.30702209472656
2021-03-19,35.15229415893555,71.56031036376953,20.367639541625977,31.226102828979492,89.11571502685547,62.241451263427734,57.88154220581055,32.44002151489258,26.520931243896484,105.80062103271484,79.78153228759766
2021-03-22,35.17402648925781,72.16204833984375,20.172317504882812,30.82373809814453,89.06566619873047,63.465309143066406,58.49258804321289,32.79783630371094,26.482694625854492,106.72140502929688,80.30673217773438
2021-03-23,34.44084167480469,71.62969970703125,19.87725257873535,30.39295196533203,87.50895690917969,63.07067108154297,58.738075256347656,32.89959716796875,26.877899169921875,105.64192199707031,79.55303192138672
2021-03-24,34.68977355957031,69.82350158691406,20.375947952270508,30.5029354095459,88.1483383178711,62.305458068847656,58.5101318359375,32.75544357299805,26.886491775512695,105.5219955444336,78.37681579589844
2021-03-25,35.19213104248047,69.48127746582031,20.45075035095215,31.016210556030273,89.5567626953125,62.26696014404297,59.07997512817383,33.03525161743164,27.174297332763672,105.96485900878906,79.06334686279297
2021-03-26,36.065589904785156,68.72076416015625,20.957763671875,31.501985549926758,91.10420989990234,63.85031509399414,60.123233795166016,33.84079360961914,27.26450538635254,107.96697235107422,79.72103118896484
2021-03-29,35.94340133666992,69.42424774169922,20.708415985107422,31.227014541625977,91.12274169921875,63.51824951171875,60.72814178466797,33.76446533203125,27.556608200073242,108.47441101074219,79.28417205810547
2021-03-30,35.83930969238281,69.42424774169922,20.52971839904785,31.446992874145508,91.52117156982422,62.91667938232422,60.07939529418945,33.62032699584961,27.307458877563477,107.49642181396484,80.06188201904297
2021-03-31,35.662803649902344,69.69992065429688,20.388418197631836,31.208688735961914,91.22467041015625,63.91771697998047,59.886531829833984,33.484657287597656,27.50935935974121,107.70862579345703,80.68598937988281
2021-04-01,35.97507858276367,70.89772033691406,20.907894134521484,31.593652725219727,91.53044128417969,65.20269775390625,59.59721755981445,34.018856048583984,27.483585357666016,107.38569641113281,81.33409118652344
2021-04-05,36.41859817504883,72.39020538330078,20.409196853637695,31.841114044189453,92.66090393066406,66.5502700805664,60.35993194580078,34.1969108581543,27.784276962280273,108.13304138183594,83.182373046875
2021-04-06,36.500064849853516,72.5708236694336,20.35517120361328,31.77695655822754,92.43852996826172,66.26632690429688,60.61417770385742,34.281707763671875,27.930326461791992,107.71783447265625,83.54242706298828
2021-04-07,35.87099075317383,73.13167572021484,20.42582130432129,31.93276596069336,92.01229858398438,66.61764526367188,60.46513366699219,34.324100494384766,27.895967483520508,107.47797393798828,83.29278564453125
2021-04-08,35.91624069213867,73.14118957519531,20.15984535217285,31.94193458557129,92.23467254638672,67.58019256591797,60.52650451660156,34.15452575683594,27.87449073791504,107.64404296875,83.68645477294922
2021-04-09,36.2285270690918,73.12218475341797,20.026859283447266,32.21689987182617,93.13349151611328,68.22990417480469,60.42130661010742,34.20539855957031,27.844419479370117,108.82501220703125,84.4833755493164
2021-04-12,36.3552360534668,72.82748413085938,19.868940353393555,32.3543815612793,93.47635650634766,67.90263366699219,60.74569320678711,34.40889358520508,27.87019157409668,108.93572998046875,85.02584838867188
2021-04-13,36.26925277709961,72.92254638671875,19.889720916748047,32.051918029785156,93.02229309082031,68.54273986816406,60.42130661010742,34.61240005493164,28.200958251953125,109.38783264160156,85.92359924316406
2021-04-14,36.531742095947266,72.17154693603516,20.442445755004883,32.2443962097168,93.14275360107422,67.8160171508789,60.36869812011719,34.40041732788086,28.32553482055664,109.37860107421875,85.07865142822266
2021-04-15,36.96168518066406,73.0936508178711,20.27621078491211,32.21689987182617,93.51339721679688,68.9806900024414,60.850887298583984,35.05332565307617,28.63910484313965,111.2515640258789,85.68834686279297
2021-04-16,37.40972900390625,73.046142578125,20.114131927490234,32.446044921875,93.71725463867188,68.96626281738281,61.20155334472656,35.10419464111328,28.871076583862305,112.08193969726562,86.3508529663086
2021-04-19,37.23775100708008,72.63736724853516,20.093353271484375,32.3543815612793,93.32807159423828,68.39353942871094,60.9648551940918,35.21443176269531,28.725027084350586,112.109619140625,85.38111114501953
2021-04-20,36.880226135253906,72.24760437011719,19.561412811279297,31.749454498291016,92.2995376586914,67.78714752197266,61.29800033569336,35.604469299316406,29.090164184570312,112.54324340820312,84.30574035644531
2021-04-21,37.55002975463867,72.37117767333984,19.810758590698242,32.18939971923828,93.55973052978516,68.47055053710938,61.60484313964844,35.76557922363281,28.845306396484375,113.87184143066406,85.4291000366211
2021-04-22,36.91642379760742,71.83882904052734,19.578035354614258,31.83194351196289,93.08715057373047,67.66681671142578,61.14895248413086,35.61296463012695,28.63910484313965,113.36441040039062,84.4833755493164
2021-04-23,37.52288055419922,72.67536163330078,19.756736755371094,32.427703857421875,94.10640716552734,68.677490234375,60.991146087646484,35.81645965576172,28.600454330444336,114.11172485351562,85.36669158935547
2021-04-26,37.74464416503906,72.82748413085938,19.889720916748047,32.556026458740234,93.82844543457031,69.02880859375,60.307342529296875,35.89277267456055,28.437217712402344,113.72422790527344,85.74118041992188
2021-04-27,37.645076751708984,72.53278350830078,20.130752563476562,32.81266403198242,94.60680389404297,68.86038208007812,60.26350784301758,35.89277267456055,28.218135833740234,113.06915283203125,85.64033508300781
2021-04-28,37.749168395996094,73.19823455810547,20.824777603149414,32.940982818603516,94.4122085571289,68.22029876708984,60.307342529296875,35.76557922363281,28.179481506347656,112.72779083251953,85.53954315185547
2021-04-29,37.9845085144043,75.22306060791016,21.057506561279297,33.5275764465332,95.07936096191406,68.16252136230469,60.94731903076172,36.02843475341797,28.437217712402344,112.27570343017578,85.56352233886719
2021-04-30,37.58171081542969,74.19638061523438,20.525558471679688,33.23426055908203,94.44926452636719,67.23368072509766,60.99991226196289,36.2658576965332,28.660593032836914,111.94353485107422,85.89478302001953
2021-05-03,38.142913818359375,73.80662536621094,21.09075164794922,33.39924621582031,95.4222183227539,67.04596710205078,61.49961853027344,36.070838928222656,28.65629768371582,113.2167739868164,85.48674774169922
2021-05-04,38.55927276611328,73.14118957519531,21.10322380065918,33.66504669189453,95.83916473388672,65.84278869628906,61.18404006958008,35.85037612915039,28.54890251159668,113.33672332763672,84.59380340576172
2021-05-05,39.048057556152344,72.99859619140625,21.784770965576172,33.94001388549805,95.93184661865234,65.68397521972656,61.140193939208984,35.32465362548828,28.067787170410156,113.5396957397461,84.32975006103516
2021-05-06,39.378421783447266,73.8541488647461,21.8969783782959,34.44412612915039,96.5989990234375,66.34331512451172,61.92922592163086,35.49424362182617,28.282573699951172,113.68733215332031,84.51216888427734
2021-05-07,39.767642974853516,74.41502380371094,22.28762435913086,34.6274299621582,97.61827087402344,66.91120910644531,61.92922592163086,35.92668151855469,28.368488311767578,114.47156524658203,85.27069091796875
2021-05-10,39.59114456176758,72.98908996582031,22.295934677124023,34.59994125366211,97.71092987060547,65.22196960449219,62.402610778808594,36.08779525756836,28.65629768371582,114.61917114257812,83.753662109375
2021-05-11,39.72238540649414,72.77993774414062,21.722434997558594,33.985843658447266,96.26541900634766,65.02464294433594,61.85906982421875,35.66383361816406,28.304048538208008,113.38284301757812,82.80790710449219
2021-05-12,38.72219467163086,71.35401916503906,21.82632827758789,33.63756561279297,93.95816040039062,63.19580078125,61.03498840332031,34.798946380615234,27.642518997192383,112.31259155273438,80.00428771972656
2021-05-13,39.315067291259766,71.86731719970703,21.560359954833984,34.178321838378906,95.71871185302734,64.03321838378906,61.89414596557617,35.2398681640625,28.175182342529297,113.3274917602539,80.5707778930664
2021-05-14,39.78574752807617,73.28376770019531,22.22944450378418,34.71908950805664,97.04376983642578,65.4433364868164,62.16593551635742,35.570556640625,28.312644958496094,113.89952087402344,81.96778869628906
2021-05-17,40.13422393798828,72.70389556884766,22.74476432800293,34.78325271606445,96.74726867675781,64.96207427978516,62.0782470703125,35.587520599365234,28.080678939819336,113.68733215332031,81.8189468383789
2021-05-18,39.69070816040039,71.96240234375,22.21697235107422,34.297481536865234,95.33882141113281,64.44229125976562,61.885372161865234,35.65534973144531,28.076379776000977,113.72422790527344,81.18046569824219
2021-05-19,39.08425521850586,72.07649993896484,21.664255142211914,34.086666107177734,94.80135345458984,64.66850280761719,61.683738708496094,35.519683837890625,28.029136657714844,113.53046417236328,80.49876403808594
2021-05-20,39.10688781738281,73.31230163574219,21.63100242614746,34.10500717163086,95.0145034790039,65.90538787841797,62.25358963012695,35.96059799194336,28.273983001708984,114.72066497802734,81.32447052001953
2021-05-21,39.1928825378418,73.06513214111328,21.676719665527344,34.44412612915039,95.47781372070312,65.54441833496094,62.26234817504883,35.901248931884766,28.420034408569336,114.73912811279297,80.91641998291016
2021-05-24,39.54135513305664,74.39603424072266,21.892818450927734,34.60910415649414,96.07084655761719,66.70906066894531,62.44646072387695,36.29129409790039,28.368488311767578,114.84984588623047,81.71814727783203
2021-05-25,39.206451416015625,74.37699890136719,21.448152542114258,34.26081848144531,95.7835922241211,66.72834014892578,62.46399688720703,36.39303970336914,28.024837493896484,114.50846099853516,81.97737884521484
2021-05-26,39.220035552978516,74.86181640625,21.639312744140625,34.361637115478516,96.08935546875,66.72352600097656,62.332481384277344,36.477840423583984,28.029136657714844,113.84416198730469,82.75991821289062
2021-05-27,39.53230667114258,75.1469955444336,21.65593910217285,34.75575256347656,97.4051513671875,66.37220001220703,61.94673538208008,36.43545150756836,27.84012222290039,113.59506225585938,83.09117889404297
2021-05-28,39.49156951904297,74.89984130859375,21.697498321533203,34.819908142089844,97.4051513671875,66.60801696777344,62.0782470703125,36.68134307861328,27.99047088623047,114.03792572021484,82.97595977783203
2021-06-01,40.0437126159668,74.9473876953125,22.532817840576172,35.030731201171875,97.78506469726562,66.28075408935547,61.867835998535156,37.308807373046875,27.818645477294922,112.16497039794922,82.81752014160156
2021-06-02,39.70880889892578,74.71923065185547,22.95255470275879,35.08571243286133,97.50708770751953,66.73796081542969,62.09579849243164,37.826045989990234,27.964693069458008,111.94353485107422,82.43345642089844
2021-06-03,39.69975662231445,74.21540832519531,23.014892578125,35.168209075927734,97.2939453125,66.11713409423828,62.481529235839844,37.749725341796875,28.132221221923828,112.28491973876953,81.4541015625
2021-06-04,39.78574752807617,75.28009796142578,23.168655395507812,35.25986099243164,97.60900115966797,67.3876724243164,62.7006950378418,37.78364562988281,28.089262008666992,112.64472961425781,82.10699462890625
2021-06-07,39.301490783691406,75.66985321044922,23.06891632080078,35.030731201171875,96.93257141113281,67.37324523925781,62.59549331665039,38.13977813720703,28.140819549560547,113.05071258544922,82.10699462890625
2021-06-08,39.373905181884766,75.45121002197266,23.268394470214844,34.939056396484375,97.18277740478516,67.3780517578125,62.06948471069336,38.34327697753906,27.900259017944336,112.70011138916016,82.7695083618164
2021-06-09,39.0661506652832,75.37516021728516,23.122940063476562,34.60910415649414,96.19129180908203,67.42618560791016,61.77139663696289,38.38568115234375,28.149410247802734,113.78881072998047,82.31344604492188
2021-06-10,38.830814361572266,75.783935546875,23.093849182128906,34.20581817626953,95.71871185302734,67.92189025878906,62.15714645385742,38.775726318359375,28.33411979675293,115.7355728149414,82.7022933959961
2021-06-11,38.975650787353516,75.86947631835938,23.014892578125,34.42579650878906,95.9133071899414,68.32615661621094,62.19221496582031,38.529823303222656,28.398561477661133,114.9144287109375,83.15357971191406
2021-06-14,38.49591064453125,76.37332916259766,22.91514778137207,34.06834411621094,95.47781372070312,69.01921081542969,62.15714645385742,38.75028610229492,28.458696365356445,115.01591491699219,83.17756652832031
2021-06-15,38.41444778442383,75.93601989746094,23.351511001586914,34.13249969482422,95.88551330566406,68.59567260742188,62.00812530517578,38.39414596557617,28.544607162475586,115.05281066894531,82.73589324951172
2021-06-16,37.9890251159668,75.27059173583984,23.226837158203125,34.095848083496094,94.9774398803711,68.22509002685547,61.18404006958008,38.046504974365234,28.115047454833984,114.60993957519531,82.7743148803711
2021-06-17,37.1427116394043,75.58430480957031,22.437236785888672,33.087623596191406,93.51339721679688,69.01438903808594,61.403202056884766,38.19064712524414,28.26968765258789,115.48645782470703,83.08635711669922
2021-06-18,36.54079818725586,74.7002182006836,21.772306442260742,32.29022216796875,92.2995376586914,68.38391876220703,60.31610870361328,37.5886344909668,27.535131454467773,114.16708374023438,82.64948272705078
2021-06-21,37.29941940307617,75.4249496459961,22.700124740600586,33.043853759765625,94.32965850830078,69.1167984008789,61.00789260864258,38.33536148071289,27.891843795776367,115.53883361816406,83.2865219116211
2021-06-22,37.44942092895508,76.07251739501953,22.85126495361328,33.09907150268555,94.431884765625,69.74359130859375,61.09611129760742,38.16468811035156,27.72300910949707,115.7889404296875,84.07022094726562
2021-06-23,37.20850372314453,75.996337890625,22.914236068725586,33.163482666015625,94.21810150146484,69.66644287109375,60.716705322265625,38.045196533203125,27.428638458251953,115.30729675292969,84.71928405761719
2021-06-24,37.32668685913086,76.71057891845703,23.111557006835938,33.57755661010742,94.95243835449219,70.10519409179688,61.016727447509766,37.865989685058594,27.402660369873047,115.90007781982422,85.00772094726562
2021-06-25,37.331233978271484,76.8058090209961,23.233304977416992,33.98244094848633,95.13836669921875,70.02323150634766,61.484378814697266,38.13907241821289,27.69703483581543,116.42801666259766,85.54621124267578
2021-06-28,37.331233978271484,77.67243957519531,22.448226928710938,33.73399353027344,94.63640594482422,70.75608825683594,61.53732681274414,38.15614700317383,27.874526977539062,116.60401153564453,85.56546020507812
2021-06-29,37.313045501708984,77.25342559814453,22.339069366455078,33.6143684387207,94.45048522949219,71.27203369140625,61.26378631591797,38.130558013916016,27.42430877685547,116.73368835449219,85.7770004272461
2021-06-30,37.413055419921875,77.11058807373047,22.616159439086914,33.76160430908203,95.18482971191406,71.19486999511719,61.74026870727539,37.831851959228516,27.372356414794922,116.65961456298828,85.84429931640625
2021-07-01,37.617591857910156,77.6819839477539,23.010799407958984,34.02845764160156,95.86338806152344,71.3154067993164,61.55497741699219,37.98545837402344,27.671062469482422,117.69697570800781,86.32991027832031
2021-07-02,37.672142028808594,78.22482299804688,22.96041488647461,33.99163818359375,96.0121078491211,72.25560760498047,61.7049674987793,38.16468811035156,27.714351654052734,118.82698059082031,87.08954620361328
2021-07-06,37.113059997558594,78.03434753417969,22.21312713623047,33.45793914794922,95.09187316894531,72.53043365478516,61.44906997680664,38.506046295166016,27.831233978271484,118.71582794189453,87.19050598144531
2021-07-07,37.499420166015625,77.92005157470703,21.852069854736328,33.50394821166992,96.04000091552734,72.92579650878906,61.775577545166016,38.70233154296875,28.013051986694336,119.46607971191406,87.14241790771484
2021-07-08,36.99032974243164,77.06295776367188,21.726119995117188,32.83221435546875,94.70146179199219,72.23632049560547,61.546146392822266,38.668190002441406,27.93079948425293,118.80846405029297,86.92607879638672
2021-07-09,37.717594146728516,77.74864196777344,22.18793487548828,33.779998779296875,96.19802856445312,72.90169525146484,61.89908981323242,39.180240631103516,27.965435028076172,119.21601104736328,87.73861694335938
2021-07-12,37.8403205871582,78.30101013183594,22.15435218811035,34.111270904541016,96.32817077636719,72.95954895019531,61.80202865600586,39.5216178894043,28.056337356567383,119.44758605957031,88.33959197998047
2021-07-13,37.494876861572266,78.10100555419922,21.986413955688477,33.743202209472656,95.39862823486328,73.25847625732422,61.78438186645508,39.009559631347656,27.844223022460938,119.3364028930664,87.28182983398438
2021-07-14,37.41759490966797,78.04386901855469,21.33148193359375,33.586769104003906,95.38932037353516,73.79850006103516,62.331478118896484,39.350929260253906,28.086647033691406,119.22527313232422,87.1231918334961
2021-07-15,37.422142028808594,77.49150085449219,21.033403396606445,33.69718551635742,95.57524108886719,73.19099426269531,62.587345123291016,39.41067123413086,28.40266227722168,118.80846405029297,86.65203094482422
2021-07-16,36.85851287841797,77.00582885742188,20.43724822998047,33.23709487915039,94.72935485839844,72.4677734375,62.68442916870117,39.453338623046875,28.68837547302246,119.13264465332031,85.58465576171875
2021-07-19,36.067626953125,75.83444213867188,19.715147018432617,32.307708740234375,92.74945831298828,71.46969604492188,62.49912643432617,38.8388786315918,28.23383331298828,117.88221740722656,84.60386657714844
2021-07-20,36.476707458496094,76.6915512084961,19.97963523864746,33.10826873779297,95.34283447265625,72.53043365478516,62.51677322387695,39.5386848449707,28.35504722595215,119.31792449951172,86.16642761230469
2021-07-21,36.87669372558594,77.32960510253906,20.676551818847656,33.67878341674805,96.2538070678711,73.22956085205078,62.35794448852539,39.41919708251953,28.043357849121094,119.51239013671875,86.9597396850586
2021-07-22,36.89033889770508,77.59626007080078,20.445646286010742,33.31070327758789,95.90056610107422,73.76956939697266,62.252044677734375,39.137577056884766,28.086647033691406,120.39231872558594,87.33476257324219
2021-07-23,37.1494140625,79.5199966430664,20.370079040527344,33.36590576171875,96.30956268310547,74.50243377685547,63.002071380615234,39.49600601196289,28.44595718383789,121.78168487548828,88.11360931396484
2021-07-26,37.46305465698242,79.92948913574219,20.873872756958008,33.55916213989258,96.26309967041016,74.46388244628906,63.10797882080078,39.49600601196289,28.454614639282227,120.994384765625,88.76748657226562
2021-07-27,37.5130500793457,78.9771499633789,20.680747985839844,33.54996109008789,95.73326110839844,73.75994110107422,63.24031066894531,39.811771392822266,28.943796157836914,121.55939483642578,87.86842346191406
2021-07-28,37.622135162353516,79.59616088867188,20.86966896057129,33.50394821166992,95.51016235351562,73.66828918457031,62.68442916870117,39.572818756103516,28.7230167388916,121.99473571777344,87.58474731445312
2021-07-29,38.03577423095703,78.73905944824219,21.07118797302246,33.87202453613281,96.26309967041016,74.0106430053711,62.993247985839844,39.453338623046875,28.80093002319336,122.29112243652344,88.57036590576172
2021-07-30,38.1903076171875,78.472412109375,20.735328674316406,33.605167388916016,96.07720184326172,73.96244049072266,63.09914779663086,39.58135223388672,28.55851173400879,122.40225219726562,86.74817657470703
2021-08-02,37.726688385009766,78.29145812988281,20.579992294311523,33.6143684387207,95.41722106933594,73.69725036621094,62.83441925048828,39.598411560058594,28.7792911529541,122.56897735595703,86.99818420410156
2021-08-03,38.117584228515625,77.9391098022461,20.932645797729492,33.99163818359375,96.66279602050781,74.16974639892578,63.11677169799805,39.760562896728516,28.943796157836914,124.27325439453125,87.64244079589844
2021-08-04,37.75394821166992,78.15815734863281,20.365880966186523,33.706390380859375,95.35213470458984,74.31922149658203,62.296165466308594,39.63254928588867,28.90050506591797,123.74533081054688,86.79146575927734
2021-08-05,37.69940948486328,78.87237548828125,20.596786499023438,34.1480827331543,95.7983169555664,74.72904968261719,62.59619140625,39.94831466674805,29.216516494750977,123.23589324951172,87.62320709228516
2021-08-06,38.24485778808594,78.87237548828125,20.78570556640625,34.83821487426758,96.24449157714844,74.66636657714844,62.59619140625,39.88003921508789,29.199201583862305,123.13398742675781,87.02703094482422
2021-08-09,38.19941329956055,78.72953796386719,20.49183464050293,34.93022918701172,95.86338806152344,74.42530059814453,62.825592041015625,39.700828552246094,29.1905517578125,123.60635375976562,86.90685272216797
2021-08-10,38.77666091918945,78.88192749023438,20.852874755859375,35.298309326171875,96.83940887451172,73.8901138305664,63.27560806274414,39.27412033081055,29.22084617614746,123.31922912597656,87.2481918334961
2021-08-11,39.322113037109375,79.03429412841797,21.016611099243164,35.70319366455078,98.09426879882812,73.89976501464844,63.48737716674805,39.487464904785156,29.49357795715332,122.09661102294922,87.50303649902344
2021-08-12,39.258487701416016,79.17716217041016,20.99561882019043,35.767608642578125,97.90838623046875,74.32402801513672,63.45210647583008,39.624027252197266,29.52387809753418,123.05989837646484,87.54148864746094
2021-08-13,39.29484558105469,79.22476196289062,20.7479190826416,35.500755310058594,97.60163116455078,74.72904968261719,63.98152160644531,39.88857650756836,29.73167610168457,123.82867431640625,87.2914810180664
2021-08-16,39.099395751953125,79.35808563232422,20.365880966186523,35.40873718261719,97.93627166748047,75.06656646728516,64.35211944580078,39.931251525878906,29.913494110107422,125.23655700683594,86.88761138916016
2021-08-17,38.64940643310547,78.70097351074219,20.155961990356445,35.160282135009766,96.87659454345703,74.444580078125,64.38741302490234,40.008060455322266,29.930805206298828,126.71851348876953,84.82504272460938
2021-08-18,38.19941329956055,78.10100555419922,19.73613166809082,34.727806091308594,95.81692504882812,73.4176025390625,63.58444595336914,39.589881896972656,29.779287338256836,124.79196166992188,85.12793731689453
2021-08-19,37.858497619628906,78.11052703857422,19.223941802978516,34.47013473510742,95.14763641357422,74.13601684570312,64.09622955322266,39.92271423339844,29.900501251220703,125.3569564819336,84.58464813232422
2021-08-20,38.08122253417969,78.78668212890625,19.265926361083984,34.68177795410156,95.39862823486328,75.09066772460938,64.20211791992188,40.11046600341797,30.272802352905273,126.07014465332031,85.39720153808594
2021-08-23,38.40849304199219,79.73902893066406,19.9880313873291,34.967044830322266,96.17943572998047,76.05980682373047,63.9991569519043,39.95685577392578,29.88318634033203,126.11646270751953,86.49817657470703
2021-08-24,38.64940643310547,79.99614715576172,20.31969451904297,35.17869567871094,96.66279602050781,75.9730224609375,63.513877868652344,39.65816116333008,29.688383102416992,125.67186737060547,87.10877227783203
2021-08-25,38.82666778564453,80.11996459960938,20.47503089904785,35.59276580810547,97.28558349609375,75.92961883544922,63.407962799072266,39.615478515625,29.744657516479492,125.32917022705078,87.44532012939453
2021-08-26,38.55849075317383,79.42475128173828,20.164363861083984,35.41793441772461,96.8580093383789,75.4522933959961,63.11677169799805,39.641090393066406,29.671064376831055,124.83827209472656,86.63761138916016
2021-08-27,39.067569732666016,80.68183135986328,20.70174217224121,35.887229919433594,97.52726745605469,76.18032836914062,63.33739471435547,39.96538162231445,29.662405014038086,124.6993179321289,87.42608642578125
2021-08-30,39.02667236328125,81.23419952392578,20.458240509033203,35.381134033203125,97.41574096679688,77.0,63.61973190307617,40.45183181762695,29.705699920654297,125.40324401855469,88.08476257324219
2021-08-31,38.91303253173828,81.5389404296875,20.31969451904297,35.335121154785156,97.14615631103516,76.59498596191406,63.760929107666016,40.69078063964844,29.671064376831055,125.23655700683594,88.29631042480469
2021-09-01,38.81303405761719,81.94844818115234,20.021617889404297,35.1326789855957,96.77434539794922,76.61427307128906,64.09622955322266,41.39058303833008,30.060678482055664,125.27360534667969,88.29151153564453
2021-09-02,39.06303024291992,81.39610290527344,20.529613494873047,35.2523078918457,97.8154296875,76.53229522705078,64.34329223632812,41.58686828613281,30.333406448364258,126.61664581298828,88.2867202758789
2021-09-03,38.80393600463867,81.39610290527344,20.412057876586914,35.031463623046875,97.22050476074219,76.8360595703125,64.26387786865234,41.58686828613281,30.082326889038086,126.75556945800781,88.23381042480469
2021-09-07,38.54939270019531,81.58656311035156,20.29030990600586,34.81981658935547,95.53804779052734,76.8553466796875,63.522674560546875,41.12602996826172,29.68405532836914,126.01460266113281,88.49344635009766
2021-09-08,38.18122100830078,81.16752624511719,20.030014038085938,34.736995697021484,95.6681900024414,76.5612564086914,64.06976318359375,41.37351608276367,30.21652603149414,125.95899200439453,88.59440612792969
2021-09-09,38.19486618041992,80.76753234863281,20.07200050354004,34.83821487426758,95.20342254638672,76.27195739746094,63.69915771484375,40.4945068359375,30.052013397216797,124.50482177734375,88.47901153564453
2021-09-10,38.185760498046875,80.2437744140625,20.0636043548584,34.58056640625,94.77583312988281,75.5197982788086,63.42560958862305,39.98244857788086,29.63210105895996,123.36556243896484,87.93571472167969
2021-09-13,38.17668533325195,80.44375610351562,20.638761520385742,34.97624588012695,95.02680206298828,75.54389190673828,63.58444595336914,40.204341888427734,29.580158233642578,122.60603332519531,88.15210723876953
2021-09-14,37.75849914550781,79.74856567382812,20.340686798095703,34.506954193115234,93.88347625732422,75.44747161865234,63.29326248168945,40.118995666503906,29.480592727661133,122.58748626708984,87.8587875366211
2021-09-15,38.15850067138672,80.13899993896484,21.100576400756836,34.83821487426758,94.91527557373047,76.1080093383789,63.522674560546875,40.272613525390625,29.441625595092773,123.38410186767578,88.42613983154297
2021-09-16,37.74486541748047,80.06282043457031,20.861278533935547,34.736995697021484,94.26457977294922,76.15142059326172,63.310916900634766,40.349422454833984,29.194875717163086,123.06913757324219,88.83000183105469
2021-09-17,36.96760177612305,79.17716217041016,20.705942153930664,34.58056640625,93.26071166992188,74.96531677246094,62.966766357421875,39.98244857788086,28.74465560913086,123.1895523071289,88.5174789428711
2021-09-20,36.25725555419922,77.58592224121094,20.07364273071289,33.778385162353516,92.19105529785156,73.599853515625,62.338165283203125,39.70868682861328,28.691884994506836,121.904052734375,86.49756622314453
2021-09-21,36.17050552368164,77.26158905029297,20.12038803100586,33.732173919677734,91.70614624023438,73.62883758544922,62.26712417602539,39.71726989746094,28.61336898803711,122.0899658203125,86.6275863647461
2021-09-22,36.54486846923828,77.22342681884766,20.74079132080078,34.295921325683594,92.43352508544922,74.63832092285156,62.4447135925293,40.051963806152344,28.595922470092773,122.29444122314453,87.8072738647461
2021-09-23,37.0652961730957,78.01521301269531,21.46741485595703,35.13691711425781,93.8509750366211,75.63814544677734,62.67555618286133,39.854576110839844,28.44325828552246,123.17748260498047,88.69804382324219
2021-09-24,37.01051330566406,78.65438079833984,21.628887176513672,35.32175827026367,94.04682159423828,75.69126892089844,62.70219421386719,39.39973449707031,28.4127254486084,122.67552947998047,89.03028106689453
2021-09-27,37.298126220703125,78.64482116699219,22.398006439208984,35.802310943603516,94.14006805419922,74.95710754394531,62.41806411743164,38.74751281738281,28.076868057250977,120.92810821533203,89.5069808959961
2021-09-28,36.83704376220703,76.7273941040039,22.4744930267334,35.21085739135742,93.04900360107422,72.73527526855469,61.681129455566406,38.51580047607422,27.723560333251953,118.85529327392578,87.7831802368164
2021-09-29,36.68638229370117,76.66059112548828,22.4744930267334,35.23857498168945,93.15157318115234,72.64352416992188,62.24048614501953,38.764671325683594,28.085588455200195,119.79409790039062,87.86986541748047
2021-09-30,36.11572265625,76.42210388183594,22.134553909301758,34.68407440185547,91.23986053466797,72.12189483642578,61.12177276611328,38.14677429199219,27.863140106201172,118.32548522949219,86.40607452392578
2021-10-01,36.69095230102539,77.7099609375,22.878177642822266,35.25705337524414,92.48946380615234,73.20864868164062,61.28157424926758,38.5587043762207,27.863140106201172,118.35336303710938,87.05610656738281
2021-10-04,36.531158447265625,76.03097534179688,23.25211524963379,34.95207595825195,91.98589324951172,71.5132827758789,61.08625411987305,38.60160827636719,28.246980667114258,116.55015563964844,86.36756896972656
2021-10-05,36.85529708862305,77.16618347167969,23.388092041015625,35.6359748840332,93.0116958618164,72.53244018554688,61.39699935913086,38.30124282836914,28.177186965942383,117.24726104736328,86.71424102783203
2021-10-06,36.78681182861328,77.29973602294922,23.141632080078125,35.67293167114258,93.42200469970703,73.00576782226562,61.99187469482422,38.6702766418457,28.61336898803711,117.03348541259766,86.98871612548828
2021-10-07,37.266178131103516,77.63362884521484,23.320100784301758,35.885494232177734,94.14939880371094,73.67230987548828,62.26712417602539,38.71317672729492,28.460704803466797,118.58573913574219,88.34172821044922
2021-10-08,37.06074142456055,77.25205993652344,24.038232803344727,36.06108856201172,94.14006805419922,73.39700317382812,62.19608688354492,38.29267501831055,28.2513370513916,117.9908676147461,87.9372787475586
2021-10-11,37.0652961730957,76.08821868896484,23.948999404907227,35.70065689086914,93.38470458984375,72.99126434326172,62.178340911865234,38.34416961669922,27.867496490478516,117.07067108154297,87.58096313476562
2021-10-12,37.11552047729492,75.38227844238281,23.970247268676758,35.58975601196289,93.07698059082031,72.61454772949219,62.20497131347656,38.859066009521484,28.05506134033203,116.50364685058594,88.27432250976562
2021-10-13,37.39400100708008,75.73523712158203,23.948999404907227,35.386444091796875,93.2728042602539,73.05889129638672,62.32039260864258,39.08220291137695,28.382192611694336,116.6895751953125,88.70764923095703
2021-10-14,38.302486419677734,76.8036880493164,24.242198944091797,35.977909088134766,95.03531646728516,74.70594024658203,63.02183151245117,39.63145446777344,28.731143951416016,118.36266326904297,89.63697052001953
2021-10-15,38.416622161865234,76.62242126464844,24.36117935180664,36.51392364501953,95.94920349121094,75.30486297607422,62.870887756347656,39.64861297607422,28.64826202392578,118.94824981689453,91.0092544555664
2021-10-18,38.38922882080078,77.21388244628906,24.378175735473633,36.523170471191406,96.01448059082031,75.94242095947266,62.497989654541016,39.71726989746094,28.37347412109375,118.13956451416016,92.12154388427734
2021-10-19,38.590087890625,77.9579849243164,24.65438461303711,36.88359069824219,96.58331298828125,76.69591522216797,62.524600982666016,39.897499084472656,28.731143951416016,119.69184112548828,91.86154174804688
2021-10-20,38.90052795410156,78.11061096191406,24.854097366333008,37.17934036254883,97.18946838378906,76.48338317871094,62.88863754272461,40.506805419921875,29.18476676940918,121.40215301513672,91.79413604736328
2021-10-21,38.80009460449219,78.33956909179688,24.395170211791992,37.0222282409668,97.38532257080078,76.77803039550781,62.808738708496094,40.63553237915039,29.18476676940918,121.894775390625,93.14232635498047
2021-10-22,38.72705078125,76.67965698242188,24.6246337890625,37.53975296020508,97.73036193847656,76.51236724853516,63.29707336425781,40.92732238769531,29.333065032958984,122.38741302490234,92.81009674072266
2021-10-25,39.11510467529297,77.0135498046875,24.98582649230957,37.49353790283203,97.95416259765625,76.76351165771484,63.25269317626953,41.04747772216797,29.20656967163086,122.53612518310547,95.1116943359375
2021-10-26,39.22467041015625,76.32670593261719,25.130298614501953,37.521270751953125,97.3479995727539,76.98088073730469,63.47464370727539,41.23627471923828,29.36359405517578,123.14031219482422,95.12613677978516
2021-10-27,38.66313552856445,76.11683654785156,24.407920837402344,36.90208435058594,96.21031188964844,76.91326141357422,63.10171890258789,40.935909271240234,29.167316436767578,122.164306640625,95.33800506591797
2021-10-28,39.0466194152832,76.36487579345703,24.582143783569336,37.354923248291016,97.41327667236328,77.6860580444336,63.323707580566406,41.536651611328125,29.359228134155273,123.186767578125,96.60435485839844
2021-10-29,38.85945129394531,76.60334014892578,24.420669555664062,37.20704650878906,97.44126892089844,78.01934051513672,63.26154708862305,41.03889465332031,29.18476676940918,124.38584899902344,96.854736328125
2021-11-01,38.950748443603516,76.7273941040039,24.841346740722656,37.22553634643555,97.71170043945312,77.90340423583984,63.359230041503906,41.13329315185547,29.289451599121094,124.23706817626953,98.63147735595703
2021-11-02,39.39358901977539,76.73690795898438,24.607637405395508,37.31795883178711,98.03809356689453,78.58927917480469,63.78541564941406,41.51948928833008,29.315610885620117,125.01790618896484,97.96702575683594
2021-11-03,39.80445098876953,77.0135498046875,24.403667449951172,37.456581115722656,97.82359313964844,79.04812622070312,64.38027954101562,41.759769439697266,29.20656967163086,125.75218963623047,99.7293472290039
2021-11-04,39.78163146972656,77.3188247680664,24.437665939331055,36.966766357421875,98.21527099609375,80.28462219238281,64.44242858886719,41.28776550292969,29.045183181762695,124.88775634765625,101.07272338867188
2021-11-05,40.092071533203125,77.93890380859375,24.756362915039062,36.985260009765625,99.21310424804688,80.69999694824219,64.81533813476562,41.382179260253906,29.31997299194336,123.49351501464844,101.72274017333984
2021-11-08,40.594242095947266,77.5954818725586,24.981576919555664,37.188575744628906,99.6234130859375,81.13471221923828,64.30036926269531,41.37358474731445,28.88380241394043,124.22781372070312,100.28306579589844
2021-11-09,40.781429290771484,77.40467834472656,25.083559036254883,36.985260009765625,99.87519836425781,80.80142974853516,64.52234649658203,41.52806091308594,29.03209686279297,123.7723617553711,98.42926025390625
2021-11-10,40.5029411315918,76.52702331542969,24.420669555664062,36.92055892944336,99.31568145751953,79.46835327148438,64.71768951416016,41.32209777832031,29.26763153076172,124.12556457519531,98.0633316040039
2021-11-11,40.82707595825195,76.3743896484375,24.514156341552734,37.0222282409668,98.90533447265625,79.8402328491211,64.67327880859375,41.33926010131836,29.08880615234375,123.76304626464844,97.79849243164062
2021-11-12,41.1329460144043,77.49053955078125,24.454666137695312,37.10539627075195,99.68868255615234,80.81108093261719,64.67327880859375,41.35642623901367,29.071352005004883,124.37652587890625,98.12592315673828
2021-11-15,40.945777893066406,77.7099609375,24.65862464904785,37.10539627075195,99.87519836425781,80.7289810180664,64.98406219482422,41.588130950927734,29.45519256591797,123.60507202148438,98.04405975341797
2021-11-16,40.83163070678711,77.12803649902344,24.696870803833008,37.06842803955078,99.89385223388672,81.57904052734375,64.57563018798828,41.3306770324707,29.315610885620117,124.12556457519531,99.58967590332031
2021-11-17,40.562294006347656,76.83230590820312,24.318683624267578,36.643310546875,99.29704284667969,81.33271789550781,64.43355560302734,41.60529708862305,29.341781616210938,124.30216979980469,100.22527313232422
2021-11-18,40.38881301879883,76.27900695800781,24.174213409423828,36.45848083496094,99.09187316894531,82.1441650390625,64.20270538330078,41.596717834472656,29.18912124633789,124.3486557006836,101.36163330078125
2021-11-19,40.315757751464844,76.02140808105469,23.230867385864258,36.06108856201172,98.5976333618164,82.74308776855469,63.97187042236328,41.37358474731445,29.35487937927246,123.59576416015625,101.7997817993164
2021-11-22,40.379676818847656,75.09608459472656,23.643047332763672,36.56937789916992,98.8680648803711,81.82057189941406,64.47796630859375,41.16761779785156,29.53370475769043,123.03805541992188,101.54460144042969
2021-11-23,40.42076110839844,74.895751953125,24.369674682617188,37.14236831665039,99.03590393066406,81.63219451904297,64.90414428710938,41.60529708862305,29.564237594604492,123.16817474365234,100.80787658691406
2021-11-24,40.13315200805664,75.00068664550781,24.607637405395508,37.059181213378906,98.92401123046875,82.22628021240234,64.70878601074219,42.163124084472656,29.581687927246094,123.1217269897461,101.01493072509766
2021-11-26,39.44379806518555,73.6269760131836,23.617555618286133,35.83003616333008,96.24761962890625,80.17351531982422,63.8919563293457,41.021732330322266,29.119338989257812,122.66626739501953,98.2607421875
2021-11-29,39.626407623291016,74.256591796875,23.75352668762207,35.94094467163086,96.41547393798828,82.17798614501953,64.05176544189453,41.536651611328125,29.551151275634766,123.00086975097656,99.787109375
2021-11-30,38.64488220214844,71.90030670166016,23.196874618530273,35.08145523071289,93.97220611572266,81.49212646484375,62.40919494628906,40.66987609863281,28.687519073486328,120.58416748046875,98.43890380859375
2021-12-01,38.25227355957031,70.24039459228516,22.950414657592773,34.693321228027344,92.66666412353516,80.37638854980469,62.10730743408203,40.13778305053711,28.739856719970703,120.37037658691406,96.66214752197266
2021-12-02,39.032928466796875,71.42333984375,23.617555618286133,35.72838592529297,95.41764068603516,81.1153793334961,62.76435470581055,41.23627471923828,29.10624885559082,120.95597839355469,98.03925323486328
2021-12-03,38.946189880371094,71.26114654541016,23.43058204650879,35.14616012573242,95.30574035644531,79.75814056396484,63.54567337036133,41.03030776977539,29.398488998413086,121.17906188964844,96.13248443603516
2021-12-06,39.516841888427734,72.43451690673828,23.779024124145508,35.68217086791992,96.9190444946289,80.5164566040039,64.66439819335938,41.62246322631836,29.847759246826172,121.86689758300781,97.23030853271484
2021-12-07,40.11945724487305,73.17859649658203,24.335683822631836,36.319854736328125,97.90752410888672,83.32752227783203,64.80648040771484,42.36051559448242,30.070205688476562,123.43775177001953,99.49820709228516
2021-12-08,40.28837585449219,73.71282958984375,24.331438064575195,36.125770568847656,98.1500015258789,83.70909118652344,64.60224151611328,42.54072570800781,30.03968048095703,124.36724090576172,99.74858093261719
2021-12-09,40.0646858215332,73.13093566894531,24.144466400146484,36.05183792114258,97.84225463867188,82.8058853149414,64.77983093261719,42.00007247924805,30.00041961669922,124.65535736083984,98.01998901367188
2021-12-10,40.31119155883789,73.16908264160156,24.322935104370117,36.088809967041016,98.24325561523438,84.46741485595703,65.8719253540039,42.214622497558594,30.161806106567383,125.09223937988281,98.70372772216797
2021-12-13,40.069244384765625,72.78748321533203,23.647294998168945,35.70065689086914,97.22679138183594,83.21160888671875,66.7331771850586,42.781028747558594,30.532562255859375,126.27275085449219,96.161376953125
2021-12-14,40.02815246582031,72.5966796875,23.549564361572266,35.91322326660156,96.30357360839844,81.84471893310547,66.77758026123047,42.30902099609375,30.34935760498047,125.7614974975586,95.60281372070312
2021-12-15,40.114891052246094,73.35987854003906,23.434833526611328,36.01487731933594,97.14286804199219,84.01338958740234,67.45236206054688,42.93549346923828,30.846609115600586,128.33621215820312,96.81622314453125
2021-12-16,40.525760650634766,73.25493621826172,23.583559036254883,36.46772384643555,97.18946838378906,81.63219451904297,67.93182373046875,43.09856033325195,31.003633499145508,129.09840393066406,94.67832946777344
2021-12-17,40.019020080566406,72.95919799804688,23.103389739990234,35.663692474365234,95.52954864501953,81.08638763427734,66.76868438720703,42.95266342163086,30.536916732788086,128.19676208496094,94.03311157226562
2021-12-20,39.30415344238281,72.44969940185547,22.817153930664062,34.97096252441406,93.99909210205078,80.12196350097656,66.78834533691406,42.671363830566406,30.565933227539062,127.42047882080078,92.51507568359375
2021-12-21,39.79969787597656,73.82624816894531,23.467103958129883,35.69526290893555,95.87120056152344,82.1495590209961,66.698974609375,42.913719177246094,30.5219669342041,127.95230102539062,94.9117431640625
2021-12-22,40.116294860839844,74.00785827636719,23.617752075195312,35.86241149902344,96.14266204833984,83.22383880615234,67.11912536621094,43.337833404541016,30.653852462768555,129.4452362060547,96.64292907714844
2021-12-23,40.52006912231445,74.66746520996094,23.63066864013672,36.04813003540039,97.2752914428711,83.68841552734375,67.27111053466797,43.20800018310547,30.64946174621582,129.97706604003906,97.9835205078125
2021-12-27,41.13032531738281,75.39395904541016,24.147188186645508,36.419578552246094,98.3049545288086,85.4837417602539,67.98626708984375,44.09085464477539,30.798925399780273,131.34869384765625,98.9383316040039
2021-12-28,41.36893081665039,75.355712890625,24.129968643188477,36.438148498535156,98.80108642578125,85.0385513305664,68.37069702148438,44.28127670288086,31.075876235961914,131.00347900390625,98.98172760009766
2021-12-29,41.538692474365234,74.98290252685547,23.97500991821289,36.3917121887207,98.97892761230469,85.11113739013672,68.6835708618164,44.549591064453125,31.24293327331543,131.74990844726562,99.17943572998047
2021-12-30,41.391876220703125,75.29835510253906,23.82866668701172,36.32670974731445,98.62324523925781,84.54978942871094,68.46902465820312,44.748680114746094,31.357236862182617,132.02052307128906,98.82258605957031
2021-12-31,41.575408935546875,74.25640106201172,23.88892936706543,36.2617073059082,99.0444564819336,84.13846588134766,68.93388366699219,44.8438835144043,31.467130661010742,131.46070861816406,98.5863037109375
2022-01-03,41.03397750854492,74.77259826660156,24.629268646240234,36.707435607910156,98.2300796508789,84.93692016601562,68.92495727539062,44.42842483520508,31.155012130737305,130.10768127441406,101.4169692993164
2022-01-04,41.538692474365234,74.61009979248047,25.481523513793945,37.67317199707031,100.20515441894531,84.03683471679688,69.3897933959961,44.255313873291016,31.058292388916016,128.39085388183594,100.79971313476562
2022-01-05,41.53410339355469,72.7364730834961,25.477214813232422,37.236732482910156,99.2503890991211,81.45275115966797,69.32722473144531,42.81850814819336,31.040708541870117,127.47644805908203,98.0799560546875
2022-01-06,41.01103210449219,73.06148529052734,26.045385360717773,37.78460693359375,99.70905303955078,81.0413818359375,69.13949584960938,42.87043762207031,30.719797134399414,126.002197265625,97.82437896728516
2022-01-07,40.97433090209961,73.07105255126953,26.402647018432617,38.23032760620117,99.68096160888672,80.29615783691406,69.21102142333984,42.6453971862793,30.952791213989258,125.35835266113281,96.19446563720703
2022-01-10,40.556785583496094,72.61222076416016,26.32086181640625,38.1003303527832,98.55770874023438,80.31067657470703,68.66568756103516,42.39439010620117,30.750564575195312,126.64600372314453,95.60613250732422
2022-01-11,41.00185775756836,73.52033233642578,27.21615982055664,38.43461608886719,99.14743041992188,81.27368927001953,68.5852279663086,42.32514953613281,30.473617553710938,127.65374755859375,96.52719116210938
2022-01-12,41.414817810058594,73.6159439086914,27.267807006835938,38.46248245239258,99.4656753540039,81.65597534179688,68.61205291748047,42.43766403198242,30.570335388183594,127.28984832763672,97.16372680664062
2022-01-13,41.09361267089844,72.85118865966797,27.13007164001465,38.31389617919922,99.68096160888672,79.54125213623047,68.7372055053711,42.29051971435547,30.719797134399414,125.31171417236328,95.21072387695312
2022-01-14,40.74490737915039,73.18576049804688,27.767108917236328,37.91461944580078,99.0819091796875,80.21389770507812,68.86235809326172,41.79716873168945,30.5087890625,125.09712982177734,94.76707458496094
2022-01-18,40.20804977416992,72.29676055908203,27.87902069091797,37.06958770751953,97.93991088867188,78.28791046142578,67.87004852294922,41.51153564453125,30.143911361694336,123.34293365478516,92.97319030761719
2022-01-19,40.10711669921875,72.17249298095703,27.676719665527344,36.447425842285156,96.8447265625,77.19428253173828,68.29914855957031,40.97490310668945,30.280193328857422,122.83908081054688,91.29503631591797
2022-01-20,39.52439498901367,71.45555877685547,27.42276382446289,36.21528625488281,95.60912322998047,76.19740295410156,67.8521728515625,40.61137008666992,30.31975555419922,122.03661346435547,89.63136291503906
2022-01-21,38.56084060668945,69.03704071044922,26.88042640686035,35.47239685058594,94.72920989990234,74.68275451660156,67.90581512451172,40.58539581298828,30.262605667114258,120.80496978759766,87.00324249267578
2022-01-24,38.583770751953125,69.54367065429688,27.061206817626953,35.574546813964844,95.27214050292969,75.06987762451172,67.68232727050781,40.671958923339844,29.972461700439453,120.40377044677734,88.04967498779297
2022-01-25,38.235050201416016,68.1193618774414,28.111459732055664,35.72312545776367,94.3360824584961,73.33261108398438,66.9313735961914,40.55942916870117,29.50208282470703,119.62930297851562,86.55958557128906
2022-01-26,37.83586883544922,67.12517547607422,28.064105987548828,35.81597900390625,93.51233673095703,73.76329803466797,66.42182922363281,39.88431167602539,29.26029396057129,119.004150390625,86.14006805419922
2022-01-27,37.9643440246582,67.20166778564453,28.369712829589844,35.4909782409668,92.67926025390625,73.25521087646484,66.86880493164062,39.16590881347656,29.51967430114746,119.31206512451172,84.052001953125
2022-01-28,38.1845817565918,69.12306213378906,28.24919319152832,35.955265045166016,93.32513427734375,76.45870208740234,67.65550994873047,40.524810791015625,29.87575340270996,121.74737548828125,85.88447570800781
2022-01-31,38.74895477294922,70.69078826904297,28.3740177154541,36.27099609375,94.29864501953125,78.37984466552734,67.91476440429688,40.97490310668945,30.442848205566406,122.44718933105469,89.1877212524414
2022-02-01,39.34544372558594,71.3025894165039,29.385528564453125,36.772438049316406,95.59973907470703,78.58311462402344,67.8521728515625,40.69792556762695,30.038402557373047,122.77377319335938,89.7278060913086
2022-02-02,39.46933364868164,72.72692108154297,29.480224609375,37.023162841796875,96.26435089111328,79.22186279296875,68.66568756103516,41.399024963378906,30.48240852355957,124.4252700805664,89.19254302978516
2022-02-03,38.78107452392578,67.86125946044922,29.200443267822266,36.61457061767578,94.72920989990234,76.92327880859375,68.6835708618164,40.97490310668945,30.34613037109375,123.89346313476562,86.4631576538086
2022-02-04,38.138702392578125,68.03329467773438,29.656702041625977,37.236732482910156,93.70893096923828,77.23297882080078,67.84323120117188,40.41229248046875,30.104347229003906,123.4455795288086,88.9224853515625
2022-02-07,37.9505729675293,66.84796905517578,30.035480499267578,37.34817123413086,93.78379821777344,76.72002410888672,67.96839141845703,40.42094802856445,30.060382843017578,123.23097229003906,88.73924255371094
2022-02-08,38.53789138793945,66.81929779052734,29.389833450317383,37.86817169189453,94.71986389160156,77.66850280761719,68.2276611328125,40.05741882324219,30.082368850708008,124.23868560791016,89.98821258544922
2022-02-09,39.377567291259766,68.70246124267578,29.635181427001953,38.109622955322266,96.0209732055664,79.3912353515625,68.24552917480469,41.026832580566406,30.214250564575195,125.19973754882812,91.17931365966797
2022-02-10,39.14813995361328,67.71785736083984,29.450098037719727,37.77532196044922,94.44840240478516,77.31525421142578,67.51246643066406,39.85834884643555,29.449329376220703,123.24031829833984,89.60726165771484
2022-02-11,38.542476654052734,66.25529479980469,30.306655883789062,37.24601745605469,93.00687408447266,74.9537124633789,67.27111053466797,39.313053131103516,29.466915130615234,121.53276824951172,87.03216552734375
2022-02-14,38.22587966918945,66.26485443115234,29.59214210510254,36.828147888183594,92.66053771972656,74.92953491210938,67.0833740234375,38.888938903808594,29.21633529663086,120.29178619384766,87.52884674072266
2022-02-15,38.92790222167969,67.19210815429688,29.282228469848633,37.32959747314453,94.0552749633789,76.89908599853516,67.19957733154297,39.07936096191406,29.080059051513672,121.64473724365234,89.4867172241211
2022-02-16,39.212379455566406,66.72370147705078,29.518962860107422,37.35746383666992,94.55137634277344,76.82164001464844,67.32475280761719,39.183223724365234,29.145998001098633,121.83135986328125,89.74227905273438
2022-02-17,38.542476654052734,64.94568634033203,29.47161865234375,36.428855895996094,92.81967163085938,74.5230484008789,67.84323120117188,38.84565734863281,29.163585662841797,119.87190246582031,87.34080505371094
2022-02-18,38.47824478149414,64.43904113769531,29.290843963623047,36.419578552246094,92.0521011352539,73.76813507080078,67.96839141845703,38.67254638671875,29.110836029052734,118.97615051269531,86.8006820678711
2022-02-22,37.93222427368164,63.779449462890625,28.817359924316406,36.23385238647461,91.16283416748047,73.08582305908203,67.4409408569336,38.56867980957031,29.080059051513672,118.67755889892578,84.26901245117188
2022-02-23,37.445858001708984,62.708797454833984,29.114356994628906,35.60240936279297,89.48729705810547,71.25660705566406,66.89564514160156,38.06665802001953,28.58769989013672,118.08041381835938,81.45279693603516
2022-02-24,37.33573532104492,64.46769714355469,28.886228561401367,35.175254821777344,90.62928009033203,73.69071197509766,65.7424087524414,38.724483489990234,28.816299438476562,118.5562744140625,83.31420135498047
2022-02-25,38.69847869873047,65.50965881347656,29.648086547851562,36.308135986328125,92.79156494140625,74.69242858886719,67.86112976074219,39.69388961791992,29.708696365356445,122.1859130859375,84.96342468261719
2022-02-28,38.257999420166016,65.43319702148438,30.37983512878418,35.76955795288086,93.50297546386719,74.55693054199219,66.95821380615234,39.0101203918457,29.862560272216797,121.26219177246094,85.56137084960938
2022-03-01,37.37702178955078,64.61109161376953,30.68543243408203,34.45094299316406,92.10823822021484,73.06645965576172,66.56486511230469,38.93222427368164,29.60318946838379,120.59037780761719,84.26419067382812
2022-03-02,38.19834518432617,65.16553497314453,31.387041091918945,35.34239959716797,94.07398223876953,74.64886474609375,67.27111053466797,39.62464141845703,29.963672637939453,122.40987396240234,86.03396606445312
2022-03-03,38.244232177734375,64.48683166503906,31.47312355041504,35.230960845947266,94.17695617675781,73.75846862792969,67.81642150878906,40.05741882324219,30.491199493408203,123.03501892089844,84.08576965332031
2022-03-04,38.11117172241211,63.5595817565918,32.3813362121582,34.571659088134766,93.97101593017578,72.46642303466797,67.82535552978516,40.39497756958008,31.163806915283203,123.65087127685547,82.75000762939453
2022-03-07,36.789710998535156,61.44698715209961,32.859107971191406,33.308773040771484,91.45301818847656,69.81454467773438,66.5916748046875,39.65926742553711,31.568239212036133,121.4954605102539,78.69446563720703
2022-03-08,36.60158157348633,61.29403305053711,33.37562561035156,33.11376190185547,90.89137268066406,69.4758071899414,64.79481506347656,39.30439758300781,31.080272674560547,119.01348114013672,78.85842895507812
2022-03-09,37.73492431640625,63.12940979003906,32.35550308227539,34.33022689819336,92.53885650634766,72.22444915771484,65.23283386230469,39.962215423583984,30.8604679107666,121.26219177246094,81.39494323730469
2022-03-10,37.83586883544922,62.6610107421875,33.345497131347656,34.042362213134766,92.41715240478516,70.96142578125,64.61602783203125,40.10070037841797,31.06708526611328,121.21553802490234,81.97360229492188
2022-03-11,37.555965423583984,61.533016204833984,33.07862854003906,33.80092239379883,91.67766571044922,69.71292877197266,63.86507797241211,39.70254135131836,30.961578369140625,120.31046295166016,80.39673614501953
2022-03-14,37.50091552734375,60.81607437133789,32.0886344909668,34.228084564208984,91.98657989501953,68.4208755493164,64.20480346679688,39.4601936340332,30.926416397094727,121.15955352783203,79.05614471435547
2022-03-15,37.93222427368164,61.9822883605957,30.913558959960938,34.71095657348633,93.44683074951172,70.7194595336914,65.64407348632812,39.771785736083984,31.32205581665039,123.57620239257812,81.70357513427734
2022-03-16,38.528709411621094,63.693389892578125,30.771514892578125,35.68597412109375,94.68241882324219,73.01808166503906,65.71559143066406,40.213218688964844,31.264909744262695,125.0597915649414,84.49082946777344
2022-03-17,39.26744842529297,64.38165283203125,31.830385208129883,36.13169860839844,95.89929962158203,73.53585815429688,66.17151641845703,40.784481048583984,31.39679527282715,127.03789520263672,85.89893341064453
2022-03-18,39.50603485107422,65.222900390625,31.80024528503418,36.21528625488281,96.26435089111328,75.04085540771484,66.32350158691406,40.87968063354492,31.128633499145508,127.82170104980469,87.70728302001953
2022-03-21,39.83441925048828,64.61241149902344,33.0821647644043,36.17985534667969,96.48131561279297,74.8983154296875,66.40879821777344,40.66990661621094,31.336627960205078,127.724365234375,86.97269439697266
2022-03-22,40.0508918762207,65.81993865966797,32.83882141113281,36.767154693603516,97.00726318359375,75.9745864868164,66.90271759033203,40.696006774902344,31.380878448486328,127.7524185180664,89.1315689086914
2022-03-23,39.86666488647461,64.91907501220703,33.40373992919922,36.08663558959961,96.07746887207031,74.80619812011719,66.36390686035156,40.23463821411133,31.425140380859375,125.45927429199219,88.02555847167969
2022-03-24,40.66804885864258,65.98286437988281,33.486297607421875,36.37562561035156,96.81002044677734,76.75028228759766,66.83087921142578,40.54802703857422,31.74818992614746,126.95684051513672,88.71137237548828
2022-03-25,41.12401580810547,66.29911041259766,34.220680236816406,36.84173583984375,97.41109466552734,76.70664978027344,67.38765716552734,41.026798248291016,32.20844268798828,127.54649353027344,88.55682373046875
2022-03-28,40.939788818359375,66.50997161865234,33.37332534790039,36.739192962646484,97.43927001953125,77.61809539794922,67.66603088378906,41.54910659790039,32.41644287109375,128.47312927246094,90.91851806640625
2022-03-29,41.28520584106445,67.66958618164062,33.28639602661133,36.82309341430664,98.34086608886719,79.26644897460938,68.26769256591797,42.76780700683594,32.717369079589844,129.23129272460938,92.50267028808594
2022-03-30,41.14704132080078,67.19039154052734,33.673152923583984,36.562076568603516,98.22816467285156,78.20955657958984,68.31260681152344,42.532772064208984,32.98731994628906,129.48399353027344,91.09722137451172
2022-03-31,40.59896469116211,65.9157943725586,33.21687698364258,35.72304916381836,96.71610260009766,77.05085754394531,68.15096282958984,42.06270217895508,32.95191192626953,128.22042846679688,89.348876953125
2022-04-01,41.02729797363281,66.404541015625,33.486297607421875,35.629844665527344,95.96475219726562,76.8230209350586,68.83346557617188,42.89838409423828,33.41217041015625,129.23129272460938,89.45996856689453
2022-04-04,41.036502838134766,68.23500061035156,33.52975082397461,35.47135925292969,95.8426742553711,78.28228759765625,68.61793518066406,42.76780700683594,33.155487060546875,128.15487670898438,91.4691162109375
2022-04-05,40.709495544433594,67.36288452148438,33.00394058227539,35.24762725830078,94.48088836669922,76.63392639160156,68.68081665039062,42.80261993408203,33.363487243652344,128.42633056640625,89.32473754882812
2022-04-06,40.239715576171875,66.1074447631836,33.199493408203125,35.00524139404297,93.7483139038086,74.82074737548828,69.55187225341797,43.43809509277344,34.02729797363281,130.3825225830078,87.0451431274414
2022-04-07,40.50224304199219,65.53242492675781,33.63405227661133,34.96794891357422,94.0676498413086,74.93710327148438,70.39602661132812,43.08118438720703,33.94321823120117,132.89100646972656,87.4894790649414
2022-04-08,40.750953674316406,65.24492645263672,34.559627532958984,35.32221221923828,93.54167938232422,73.88990020751953,70.69237518310547,43.237876892089844,34.05828094482422,133.68653869628906,86.68291473388672
2022-04-11,40.548301696777344,64.40156555175781,33.521053314208984,35.16372299194336,93.24116516113281,72.02823638916016,70.40501403808594,42.64594268798828,33.59360885620117,131.02838134765625,85.07461547851562
2022-04-12,40.557518005371094,63.87449645996094,34.07727813720703,34.7815055847168,93.09089660644531,71.708251953125,70.4229507446289,42.515357971191406,33.72194290161133,129.7554473876953,85.26299285888672
2022-04-13,41.156253814697266,64.81366729736328,34.585697174072266,34.7815055847168,93.96432495117188,72.86211395263672,70.81809997558594,42.6894645690918,33.65557098388672,130.39187622070312,87.38320922851562
2022-04-14,41.01808166503906,63.7115592956543,34.69868087768555,34.38996887207031,93.86102294921875,71.09255981445312,70.80012512207031,42.445716857910156,33.67326354980469,129.7648162841797,86.16130065917969
2022-04-18,41.05491638183594,63.50071334838867,35.20710372924805,34.595062255859375,93.53229522705078,71.32526397705078,70.21642303466797,42.341251373291016,33.4918212890625,128.33273315429688,86.42211151123047
2022-04-19,41.441795349121094,64.76573944091797,34.92030334472656,35.070499420166016,95.2322006225586,72.66334533691406,71.28504943847656,43.22917556762695,33.70866775512695,129.55886840820312,88.9287109375
2022-04-20,41.70433044433594,61.957767486572266,35.05500793457031,35.31288528442383,95.74874114990234,72.59545135498047,72.35371398925781,44.047447204589844,33.983055114746094,131.29977416992188,87.78406524658203
2022-04-21,41.02268600463867,60.19439697265625,33.94257354736328,34.753543853759766,94.77202606201172,71.36404418945312,72.29085540771484,43.76018524169922,33.421016693115234,129.84902954101562,86.93404388427734
2022-04-22,39.48899459838867,58.76644515991211,33.112579345703125,33.71876525878906,92.44286346435547,69.36662292480469,71.15934753417969,42.976722717285156,32.858985900878906,125.1129379272461,84.91524505615234
2022-04-25,39.37846755981445,59.57146072387695,32.017520904541016,33.774696350097656,92.44286346435547,70.40896606445312,71.4736557006836,42.776512145996094,32.63327407836914,125.9553451538086,85.52861022949219
2022-04-26,38.770511627197266,57.616416931152344,32.06098175048828,32.92636489868164,90.42362976074219,67.78616333007812,70.36907958984375,42.10622787475586,32.30580139160156,123.737060546875,81.20124816894531
2022-04-27,39.34161376953125,56.332210540771484,32.530296325683594,32.898399353027344,90.76173400878906,68.78970336914062,70.62953186035156,41.853782653808594,32.150909423828125,123.46564483642578,81.21086883544922
2022-04-28,39.96338653564453,58.5843505859375,33.5167121887207,33.317901611328125,91.78544616699219,71.54341888427734,71.67121887207031,42.61982345581055,32.50937271118164,125.16912841796875,82.87713623046875
2022-04-29,39.16200256347656,56.600555419921875,32.65630340576172,32.171260833740234,89.35295867919922,68.56182861328125,69.7225112915039,40.565433502197266,31.535768508911133,121.94930267333984,78.6656494140625
2022-05-02,39.0422477722168,58.16267776489258,33.17776870727539,32.18058776855469,89.54080200195312,69.60417938232422,68.80652618408203,39.51212692260742,31.21271514892578,121.19117736816406,79.81510925292969
2022-05-03,39.479793548583984,58.31601333618164,34.107696533203125,32.600093841552734,90.13251495361328,69.72537994384766,68.60894775390625,39.99089431762695,31.33220100402832,121.5749282836914,79.61711120605469
2022-05-04,40.76015853881836,60.318973541259766,35.52432632446289,33.597572326660156,92.74339294433594,72.17367553710938,70.153564453125,40.46097946166992,32.03142547607422,124.27055358886719,81.95466613769531
2022-05-05,39.498207092285156,58.0955924987793,34.989830017089844,32.61874008178711,90.3203353881836,68.70243835449219,68.82449340820312,39.425079345703125,31.703941345214844,121.85574340820312,77.36164093017578
2022-05-06,38.931705474853516,56.897640228271484,36.032745361328125,32.385677337646484,89.7098617553711,68.14974975585938,68.89632415771484,39.02464294433594,31.956192016601562,121.47196197509766,76.38121795654297
2022-05-09,37.70199966430664,55.42177963256836,33.05174255371094,31.611921310424805,87.5403823852539,65.51238250732422,68.869384765625,37.205299377441406,31.71722412109375,118.32706451416016,73.12602996826172
2022-05-10,37.46710968017578,55.67094421386719,33.351585388183594,31.33225440979004,86.96746826171875,66.5110855102539,68.39344024658203,36.37831497192383,31.33220100402832,118.74826049804688,72.90869903564453
2022-05-11,37.48553466796875,54.6646728515625,33.79917526245117,31.043264389038086,86.17857360839844,64.411865234375,68.09707641601562,36.32609176635742,31.557899475097656,117.96204376220703,70.29586029052734
2022-05-12,37.41643524169922,55.25885772705078,33.94257354736328,30.81020736694336,86.3382339477539,63.7476806640625,68.07913208007812,36.59593963623047,31.239267349243164,119.10394287109375,70.77880859375
2022-05-13,37.992156982421875,56.55263137817383,35.10281753540039,31.257673263549805,87.43704986572266,65.86629486083984,69.10286712646484,37.50997543334961,31.611003875732422,120.36752319335938,73.56552124023438
2022-05-16,37.92306137084961,56.18846130371094,36.02840805053711,30.99665069580078,87.31497955322266,65.2845230102539,69.41718292236328,37.205299377441406,31.708370208740234,121.25670623779297,71.97654724121094
2022-05-17,38.996185302734375,57.41515350341797,36.44557189941406,31.826337814331055,89.29661560058594,67.17528533935547,68.94121551513672,37.6057243347168,32.03584671020508,122.92276000976562,73.79252624511719
2022-05-18,37.78490447998047,55.536773681640625,35.511295318603516,30.950042724609375,85.97195434570312,64.1015853881836,64.5049819946289,36.50888442993164,31.7260684967041,119.749755859375,68.96769714355469
2022-05-19,38.052040100097656,55.46010208129883,35.380924224853516,30.744951248168945,85.20183563232422,63.39862823486328,63.35553741455078,36.439247131347656,31.65968132019043,120.01183319091797,69.01598358154297
2022-05-20,37.95991516113281,55.60386657714844,35.53302001953125,30.689016342163086,84.28144073486328,63.53920364379883,63.49021530151367,36.86579513549805,31.74818992614746,121.47196197509766,67.81338500976562
2022-05-23,38.655364990234375,56.437625885009766,36.47163772583008,31.686508178710938,85.66203308105469,64.99848175048828,64.80134582519531,37.344573974609375,32.1287841796875,122.53898620605469,68.32051086425781
2022-05-24,38.434295654296875,54.434669494628906,36.61069869995117,31.621244430541992,85.61507415771484,64.03372192382812,65.86100769042969,37.779823303222656,32.770477294921875,122.90404510498047,66.56251525878906
2022-05-25,38.60470962524414,55.16301727294922,37.3668098449707,31.872955322265625,86.11282348632812,64.78031921386719,65.87894439697266,37.988739013671875,32.74834442138672,122.86659240722656,68.44125366210938
2022-05-26,39.31398010253906,56.50471878051758,37.779640197753906,32.609413146972656,87.85971069335938,66.3365707397461,66.57943725585938,37.945220947265625,32.841285705566406,123.39073181152344,71.79785919189453
2022-05-27,40.23511505126953,57.71223831176758,38.47056579589844,33.159423828125,89.66290283203125,68.58123779296875,67.35173034667969,39.01594161987305,33.35464096069336,125.4405517578125,74.260986328125
2022-05-31,39.62255859375,57.67391586303711,37.89261245727539,33.066200256347656,88.93975067138672,68.09158325195312,66.87579345703125,38.49363327026367,32.89439010620117,123.76512908935547,74.6377182006836
2022-06-01,39.22648239135742,57.01264572143555,38.50967788696289,32.53483200073242,88.39502716064453,67.88793182373047,66.00469970703125,38.0757942199707,32.841285705566406,121.98677062988281,73.86013793945312
2022-06-02,40.30880355834961,58.40226745605469,38.38800048828125,32.98230743408203,90.08552551269531,69.53146362304688,66.96558380126953,38.65032958984375,33.06255340576172,122.95081329345703,76.12042236328125
2022-06-03,39.91732406616211,57.137229919433594,38.89643096923828,32.50686264038086,89.73804473876953,67.86858367919922,66.29207611083984,38.162841796875,32.90323257446289,121.50941467285156,73.89393615722656
2022-06-06,40.294986724853516,57.424747467041016,38.85296630859375,32.600093841552734,90.11370849609375,67.87339782714844,66.3189926147461,38.0496826171875,33.04927444458008,121.52812957763672,74.63288879394531
2022-06-07,40.58515548706055,57.83683395385742,40.01321029663086,32.85179138183594,91.32524871826172,68.68302917480469,66.66923522949219,38.49363327026367,33.2484245300293,123.10993957519531,74.44934844970703
2022-06-08,39.7423095703125,57.68348693847656,40.100128173828125,32.2738037109375,89.67230987548828,67.90734100341797,65.85203552246094,37.57090759277344,32.59788513183594,122.13652038574219,74.0098648071289
2022-06-09,38.80274963378906,55.9105339050293,39.21364974975586,31.4627685546875,87.9066390991211,66.0941390991211,64.86420440673828,36.709110260009766,31.814577102661133,119.37537384033203,72.67203521728516
2022-06-10,37.61448669433594,54.34841537475586,38.548789978027344,30.32544708251953,85.31453704833984,63.553741455078125,64.58582305908203,35.838600158691406,31.5711727142334,117.45658874511719,69.77425384521484
2022-06-13,36.14527893066406,51.7800178527832,36.536827087402344,29.421184539794922,82.75057983398438,60.73700714111328,63.19388198852539,34.115013122558594,30.119626998901367,113.89985656738281,66.55284881591797
2022-06-14,35.86894226074219,51.63627243041992,36.606353759765625,29.169483184814453,82.54397583007812,61.12001419067383,62.44852828979492,33.87126541137695,29.358449935913086,112.8141098022461,66.49972534179688
2022-06-15,35.859737396240234,52.79587936401367,35.798091888427734,29.495763778686523,83.34227752685547,62.40959930419922,62.511383056640625,34.64601135253906,29.548742294311523,113.95600128173828,68.36880493164062
2022-06-16,34.56554412841797,50.86958312988281,33.78178787231445,28.749977111816406,80.56233215332031,59.869197845458984,62.035430908203125,33.819034576416016,28.977861404418945,112.28060913085938,65.02184295654297
2022-06-17,34.50566864013672,51.59793472290039,31.934959411621094,28.833881378173828,80.3556900024414,60.417022705078125,61.81092834472656,34.01926040649414,28.707908630371094,112.2151107788086,65.73180389404297
2022-06-21,35.02738952636719,51.96298599243164,33.58938217163086,29.409318923950195,81.82157897949219,61.954471588134766,63.46030807495117,34.6528205871582,29.25436782836914,115.23603057861328,67.61197662353516
2022-06-22,34.57754898071289,52.04945373535156,32.244754791259766,29.343713760375977,81.3687973022461,61.69198989868164,63.41508102416992,35.21442794799805,29.56216049194336,116.83395385742188,67.48127746582031
2022-06-23,34.10452651977539,52.6931037902832,31.049522399902344,29.231250762939453,80.95374298095703,62.61553192138672,64.64556121826172,35.90764617919922,30.25806427001953,119.45634460449219,68.54142761230469
2022-06-24,35.45868682861328,54.7009162902832,31.458181381225586,30.309032440185547,83.78363800048828,64.86602783203125,65.9122314453125,36.68864440917969,30.78444480895996,121.43960571289062,71.15547180175781
2022-06-27,35.1665153503418,54.18215560913086,32.38096618652344,30.205942153930664,83.5855484008789,64.42857360839844,65.73126220703125,36.557003021240234,31.03424644470215,121.89078521728516,70.41000366210938
2022-06-28,34.7908821105957,52.60664367675781,33.25541687011719,29.906036376953125,82.61397552490234,62.49887466430664,64.85366821289062,36.05682373046875,30.91826629638672,119.76651000976562,67.59747314453125
2022-06-29,34.54044723510742,52.769954681396484,32.09973907470703,29.737342834472656,82.13286590576172,62.625244140625,65.26079559326172,35.82867431640625,30.940570831298828,120.80986022949219,67.5442123413086
2022-06-30,34.1323356628418,52.13590621948242,31.423030853271484,29.474925994873047,82.3875503540039,61.789207458496094,65.30603790283203,35.85499954223633,31.284059524536133,120.53728485107422,66.55184173583984
2022-07-01,34.37350082397461,52.66427993774414,31.893213272094727,29.877920150756836,83.10446166992188,61.93016815185547,66.24699401855469,36.495574951171875,32.051326751708984,121.89078521728516,67.77657318115234
2022-07-05,33.6824951171875,53.884342193603516,30.627676010131836,29.774824142456055,81.85931396484375,62.707881927490234,65.82176971435547,36.34640121459961,30.958419799804688,121.18583679199219,69.29175567626953
2022-07-06,33.89582824707031,53.893951416015625,30.104772567749023,29.699853897094727,82.33094787597656,63.24741744995117,66.01174926757812,36.32008361816406,31.279603958129883,122.00358581542969,69.06424713134766
2022-07-07,34.19727325439453,54.739349365234375,31.190135955810547,30.13096809387207,83.30256652832031,64.55493927001953,66.07508850097656,36.34640121459961,31.248376846313477,122.52055358886719,70.84564971923828
2022-07-08,33.863365173339844,54.47996139526367,31.176956176757812,30.06536293029785,82.92524719238281,64.58412170410156,65.95746612548828,36.1796760559082,31.145776748657227,122.88711547851562,70.85535430908203
2022-07-11,33.77061462402344,52.82760238647461,30.87814712524414,29.821687698364258,82.36869049072266,63.69459915161133,65.86699676513672,36.1796760559082,31.34205436706543,122.57695007324219,68.91417694091797
2022-07-12,33.705692291259766,52.79878234863281,30.276147842407227,29.634246826171875,82.114013671875,62.82453918457031,65.67698669433594,35.9515266418457,31.190387725830078,121.01663970947266,68.49786376953125
2022-07-13,33.51091003417969,52.55860900878906,30.227802276611328,29.371829986572266,81.11410522460938,62.65925979614258,65.72222900390625,35.75848388671875,31.06101417541504,119.84172058105469,69.05940246582031
2022-07-14,32.894126892089844,51.8957405090332,29.656558990478516,28.80951499938965,80.65189361572266,63.23283767700195,65.77649688720703,35.407470703125,31.06101417541504,119.49393463134766,69.00129699707031
2022-07-15,33.40888595581055,53.2310791015625,30.139923095703125,29.78420066833496,81.91590118408203,64.34593963623047,65.99366760253906,35.97785186767578,31.119003295898438,122.37954711914062,70.11469268798828
2022-07-18,33.48772430419922,52.962093353271484,30.829814910888672,29.671733856201172,81.4254150390625,63.72377014160156,65.35128021240234,35.62684631347656,30.686302185058594,119.79473114013672,70.31800842285156
2022-07-19,34.50798797607422,54.84502029418945,31.77896499633789,30.562070846557617,84.33075714111328,65.66803741455078,66.03889465332031,36.60966873168945,30.882585525512695,121.83438110351562,72.47217559814453
2022-07-20,34.56827163696289,55.748050689697266,32.08655548095703,30.674541473388672,84.98162841796875,66.69365692138672,65.5955581665039,36.42538070678711,30.472185134887695,120.63127136230469,73.66302490234375
2022-07-21,35.05984878540039,55.71923828125,31.524099349975586,30.87135124206543,85.5947494506836,67.63175201416016,65.79462432861328,36.802711486816406,30.55247688293457,122.5393295288086,75.34764099121094
2022-07-22,34.80942153930664,53.78827667236328,31.264841079711914,30.693279266357422,85.32121276855469,66.69850158691406,66.2289047241211,37.08351135253906,30.9717960357666,122.03176879882812,74.9119644165039
2022-07-25,34.95318603515625,53.60574722290039,32.4117317199707,30.890094757080078,85.72683715820312,66.27562713623047,66.55461883544922,37.109832763671875,31.35988998413086,122.6709213256836,74.26814270019531
2022-07-26,34.716678619384766,52.529788970947266,32.11731719970703,30.458984375,85.26460266113281,65.20140838623047,66.40081024169922,37.18003845214844,31.54725456237793,123.30068969726562,71.87676239013672
2022-07-27,35.13405990600586,54.74894714355469,32.84235763549805,30.927581787109375,86.5852279663086,68.00604248046875,66.85319519042969,37.381866455078125,31.574012756347656,124.07142639160156,74.59732818603516
2022-07-28,35.75548553466797,54.124507904052734,33.02692794799805,31.152503967285156,88.39635467529297,69.04137420654297,67.92082214355469,38.759552001953125,32.70706558227539,124.86097717285156,75.88014221191406
2022-07-29,36.233158111572266,54.15333557128906,34.459434509277344,31.59299659729004,90.21692657470703,70.10099792480469,67.39604949951172,38.90873336791992,32.98810958862305,124.44738006591797,78.82337188720703
2022-08-01,35.94098663330078,54.07648468017578,33.747581481933594,31.330581665039062,90.31124877929688,69.95032501220703,68.23748016357422,38.55772399902344,33.02379608154297,123.52627563476562,79.2154769897461
2022-08-02,35.574623107910156,53.990013122558594,33.66847610473633,30.983816146850586,89.3585205078125,69.45452880859375,67.69461822509766,38.04876708984375,32.956886291503906,123.0844955444336,78.67328643798828
2022-08-03,35.61172866821289,55.286930084228516,32.70174789428711,31.452415466308594,90.19805908203125,71.30157470703125,68.1379623413086,38.206729888916016,33.162086486816406,124.21240997314453,80.59025573730469
2022-08-04,35.6348991394043,55.527099609375,31.488950729370117,31.349319458007812,90.5282211303711,71.62725830078125,67.6855697631836,38.2418212890625,33.233463287353516,123.60148620605469,80.91944885253906
2022-08-05,35.7601203918457,54.84502029418945,32.11292266845703,31.57424545288086,90.66971588134766,71.46200561523438,67.53176879882812,38.36467742919922,33.1130256652832,123.55447387695312,79.5398178100586
2022-08-08,35.95954132080078,55.16204071044922,32.279903411865234,31.55550765991211,90.64141082763672,70.85440826416016,67.49556732177734,38.64548110961914,33.162086486816406,123.84581756591797,79.89802551269531
2022-08-09,35.7833137512207,54.62406539916992,32.846763610839844,31.71483039855957,90.31124877929688,70.14473724365234,67.39604949951172,38.952606201171875,33.53233337402344,123.46985626220703,78.6248779296875
2022-08-10,36.79893112182617,56.16114044189453,33.084041595458984,32.42710494995117,92.29217529296875,72.05986785888672,67.89368438720703,39.47910690307617,33.67955017089844,124.81398010253906,80.84200286865234
2022-08-11,36.92414474487305,56.21878433227539,34.22214889526367,32.81135559082031,92.7826919555664,71.77794647216797,67.73081970214844,39.29484176635742,33.675079345703125,124.00562286376953,80.43051147460938
2022-08-12,37.61977767944336,57.21788787841797,34.481414794921875,33.326820373535156,94.17876434326172,73.20700073242188,68.31890869140625,39.96175003051758,34.22377395629883,125.59410858154297,82.25066375732422
2022-08-15,37.59659194946289,57.41962814331055,33.80908966064453,33.317440032958984,94.40516662597656,73.66873931884766,68.99748229980469,40.13724136352539,34.5092658996582,126.22388458251953,82.81706237792969
2022-08-16,37.80527877807617,57.534912109375,33.72999954223633,33.56110763549805,94.82966613769531,73.46946716308594,69.77558135986328,39.97929000854492,34.60740661621094,125.885498046875,83.73197174072266
2022-08-17,37.28587341308594,56.420536041259766,34.01123046875,33.392417907714844,94.07501983642578,72.94451141357422,69.5765380859375,39.86521530151367,34.549415588378906,125.15235900878906,82.83158111572266
2022-08-18,37.401817321777344,56.334068298339844,34.925228118896484,33.429901123046875,94.45231628417969,73.32365417480469,69.81177520751953,39.59318161010742,34.67877960205078,124.59779357910156,82.80736541748047
2022-08-19,36.7154541015625,55.421424865722656,34.91643142700195,32.764495849609375,93.23546600341797,71.99181365966797,69.5855712890625,39.207088470458984,34.66093063354492,124.93618774414062,81.09856414794922
2022-08-22,36.13113021850586,53.83631134033203,34.850521087646484,32.04285430908203,91.46206665039062,69.98434448242188,68.87985229492188,38.3910026550293,34.18809127807617,123.30068969726562,78.84757232666016
2022-08-23,36.48822021484375,53.37518310546875,36.10726547241211,31.911638259887695,91.63186645507812,69.79964447021484,68.58128356933594,37.811851501464844,33.982887268066406,121.58061981201172,79.07024383544922
2022-08-24,36.56705093383789,53.69221115112305,36.551082611083984,32.08033752441406,91.9337158203125,69.84337615966797,68.75318908691406,38.110191345214844,34.08994674682617,121.73098754882812,79.4090805053711
2022-08-25,37.39717483520508,54.739349365234375,36.83230972290039,32.57705307006836,93.33924102783203,71.0245361328125,69.06985473632812,38.69813537597656,34.29960250854492,123.07510375976562,80.35791015625
2022-08-26,36.251705169677734,52.99091720581055,36.40168380737305,31.602367401123047,90.10370635986328,67.99146270751953,67.35984802246094,37.7153205871582,33.773223876953125,119.64434814453125,77.29849243164062
2022-08-29,35.996639251708984,52.577816009521484,36.950950622558594,31.377437591552734,89.69811248779297,67.09221649169922,67.25128173828125,37.39064025878906,33.875823974609375,118.80781555175781,76.88703918457031
2022-08-30,35.40766525268555,52.11669158935547,35.698604583740234,31.208744049072266,88.40581512451172,66.39228057861328,66.55461883544922,36.85536193847656,33.38066864013672,118.01824188232422,76.03018188476562
2022-08-31,34.971744537353516,52.24158477783203,35.37343215942383,30.974441528320312,87.66059875488281,65.74579620361328,66.14745330810547,36.72373580932617,33.162086486816406,117.26631927490234,75.27987670898438
2022-09-01,34.51262283325195,52.721927642822266,34.50337600708008,31.06816291809082,87.78321838378906,65.42501831054688,66.51844024658203,36.85536193847656,33.63939666748047,119.19316101074219,75.96726989746094
2022-09-02,34.48015594482422,51.72282409667969,35.13615036010742,30.824491500854492,86.93425750732422,64.57440185546875,65.64985656738281,36.22356033325195,33.2780647277832,117.48247528076172,75.27018737792969
2022-09-06,34.37350082397461,51.07917022705078,34.81096649169922,30.749515533447266,87.07573699951172,64.14663696289062,65.27888488769531,36.60087966918945,33.36282730102539,117.59528350830078,75.11528778076172
2022-09-07,35.324195861816406,52.10708999633789,34.406715393066406,31.35869598388672,88.4718246459961,65.17225646972656,66.4551010131836,37.302894592285156,34.40666961669922,119.51275634765625,77.41950988769531
2022-09-08,35.66736602783203,51.98220443725586,34.55611038208008,31.911638259887695,88.73595428466797,65.39584350585938,66.28319549560547,37.4081916809082,34.37989807128906,121.58998107910156,78.14080047607422
2022-09-09,36.205326080322266,53.432823181152344,35.41737365722656,32.202171325683594,89.88677215576172,66.68878936767578,66.93463134765625,37.767974853515625,34.518192291259766,122.66153717041016,79.62208557128906
2022-09-12,36.54386901855469,53.7114143371582,36.06771469116211,32.4645881652832,90.42445373535156,67.75814056396484,67.1969985961914,38.08386993408203,34.84829330444336,123.47925567626953,80.64836120605469
2022-09-13,35.240718841552734,50.76213836669922,35.158119201660156,31.255598068237305,87.01915740966797,64.1612319946289,64.95317840576172,36.63599395751953,33.920433044433594,119.39994049072266,76.49008178710938
2022-09-14,34.80942153930664,50.848602294921875,36.15119934082031,31.161880493164062,86.84934997558594,64.39453887939453,64.92604064941406,36.188453674316406,34.19700622558594,119.46573638916016,77.47276306152344
2022-09-15,34.350311279296875,50.627647399902344,35.21963119506836,31.264978408813477,85.94378662109375,62.912025451660156,64.3831787109375,35.39869689941406,33.34497833251953,120.13309478759766,77.0758285522461
2022-09-16,33.80771255493164,50.08967208862305,34.46822738647461,30.983816146850586,84.15152740478516,62.56205749511719,64.53699493408203,35.407470703125,33.22007751464844,119.79473114013672,76.45620727539062
2022-09-19,34.36736297607422,50.37849044799805,34.4886589050293,31.335227966308594,85.29363250732422,63.07223892211914,64.96590423583984,35.34016799926758,33.66514205932617,119.14925384521484,77.5379638671875
2022-09-20,33.71443557739258,49.598690032958984,34.248779296875,30.873594284057617,84.23208618164062,62.701908111572266,64.6107406616211,34.410396575927734,33.175621032714844,117.75260925292969,76.22335815429688
2022-09-21,32.97756576538086,48.385677337646484,33.746822357177734,30.232934951782227,83.11368560791016,61.722496032714844,64.3648681640625,33.905670166015625,32.72201156616211,115.79918670654297,74.41879272460938
2022-09-22,32.58114242553711,48.21239471435547,33.62688446044922,29.724185943603516,81.86255645751953,61.093910217285156,64.27381134033203,33.586891174316406,32.605255126953125,116.41258239746094,72.70154571533203
2022-09-23,31.914220809936523,47.278564453125,31.3080997467041,29.253124237060547,80.32711029052734,60.29478454589844,63.1810302734375,33.17070770263672,32.22799301147461,115.81805419921875,71.0279541015625
2022-09-26,31.39653968811035,46.50839614868164,30.539609909057617,28.791481018066406,79.48355102539062,59.875736236572266,63.22655487060547,32.2763557434082,31.45103645324707,114.71394348144531,70.86787414550781
2022-09-27,31.466501235961914,46.25809860229492,30.88164520263672,28.669002532958984,79.21815490722656,59.95370101928711,62.133792877197266,31.851320266723633,30.92108726501465,114.36479187011719,71.09101104736328
2022-09-28,32.27799987792969,47.836936950683594,32.24982452392578,29.234281539916992,80.9621353149414,60.587154388427734,62.88053512573242,32.453453063964844,31.25342559814453,116.86553955078125,73.01199340820312
2022-09-29,31.802288055419922,46.67205047607422,32.24982452392578,28.866851806640625,79.55937194824219,59.00839614868164,61.842369079589844,31.550243377685547,30.00041961669922,115.88411712646484,70.4894790649414
2022-09-30,31.718341827392578,46.104061126708984,31.992183685302734,28.603050231933594,78.51676940917969,57.8779296875,60.767799377441406,31.88673210144043,29.42107391357422,114.28929901123047,69.10210418701172
2022-10-03,32.7490348815918,47.39409255981445,33.80012893676758,29.375600814819336,80.88629913330078,59.67108917236328,61.81504440307617,32.480018615722656,30.28335952758789,116.63905334472656,69.17002868652344
2022-10-04,33.95228958129883,48.8477783203125,35.25270462036133,30.46847152709961,83.7013168334961,61.67375946044922,62.75302505493164,32.99359893798828,30.925580978393555,119.3474349975586,71.58580780029297
2022-10-05,33.56985855102539,48.47231674194336,35.9812126159668,30.232934951782227,83.24636840820312,61.87841796875,62.38875961303711,32.38261413574219,30.23845100402832,119.74375915527344,71.16378021240234
2022-10-06,33.21541213989258,48.21239471435547,36.620880126953125,29.808977127075195,82.28907775878906,61.37165451049805,61.47811508178711,31.320009231567383,29.241424560546875,118.21499633789062,70.6592788696289
2022-10-07,32.39458084106445,46.91273498535156,36.336578369140625,29.102380752563477,80.71569061279297,58.84759521484375,60.55834197998047,30.576200485229492,28.6351318359375,115.71424865722656,68.22893524169922
2022-10-10,32.46454620361328,46.78757858276367,35.59030532836914,28.97048568725586,81.00005340576172,57.858436584472656,60.77690505981445,30.230852127075195,28.684534072875977,114.98761749267578,67.80690002441406
2022-10-11,32.212703704833984,45.911521911621094,35.30601501464844,28.603050231933594,80.98108673095703,56.97160720825195,61.277767181396484,30.51421546936035,28.581239700317383,115.60100555419922,67.25389099121094
2022-10-12,31.970186233520508,45.853755950927734,35.59030532836914,28.537107467651367,80.34606170654297,56.79619598388672,61.605594635009766,30.106889724731445,27.62912940979004,115.03479766845703,67.42853546142578
2022-10-13,32.90760040283203,46.960872650146484,37.04288101196289,29.71476936340332,82.11847686767578,58.56010437011719,62.62553024291992,30.673614501953125,28.320756912231445,117.71483612060547,68.1658706665039
2022-10-14,31.797626495361328,46.190711975097656,35.661376953125,29.215438842773438,80.317626953125,56.913143157958984,61.49631881713867,29.90322494506836,27.912067413330078,116.92217254638672,65.61912536621094
2022-10-17,32.59046936035156,47.46147537231445,36.105594635009766,29.950300216674805,82.0710678100586,58.6478271484375,62.161094665527344,31.018945693969727,28.495906829833984,118.80007934570312,68.28231048583984
2022-10-18,33.229400634765625,47.81768035888672,36.420982360839844,30.4307861328125,84.05199432373047,59.144832611083984,62.97157669067383,31.426273345947266,29.01687240600586,119.46066284179688,69.22340393066406
2022-10-19,32.837650299072266,47.85619354248047,37.49597930908203,29.93145751953125,83.45488739013672,58.97428894042969,62.6801643371582,30.638187408447266,28.63962173461914,117.79035949707031,68.4472427368164
2022-10-20,32.59980010986328,47.97171401977539,37.531517028808594,29.450969696044922,81.81517028808594,59.00839614868164,61.80595016479492,30.48764991760254,27.916561126708984,116.7900619506836,67.12290954589844
2022-10-21,33.72843551635742,48.27978515625,38.61539840698242,30.327150344848633,84.06149291992188,60.587154388427734,62.75302505493164,30.700166702270508,28.43303108215332,119.41348266601562,69.07786560058594
2022-10-24,33.532562255859375,48.61672592163086,38.79751968383789,30.73226547241211,85.1799087524414,61.42525863647461,63.882240295410156,30.682458877563477,28.67106056213379,121.716064453125,69.36406707763672
2022-10-25,34.36271286010742,49.90675354003906,38.83750534057617,31.099695205688477,86.3267593383789,62.59958267211914,64.72004699707031,31.895591735839844,29.24591827392578,122.64087677001953,71.10072326660156
2022-10-26,34.605220794677734,48.32790756225586,39.36610794067383,31.17506217956543,86.63005065917969,61.20599365234375,65.14803314208984,31.833606719970703,29.232444763183594,123.9997787475586,70.52828216552734
2022-10-27,34.51660919189453,46.03667068481445,39.508262634277344,31.429443359375,87.64422607421875,60.509193420410156,65.20266723632812,31.851320266723633,29.46597671508789,123.3486557006836,70.25663757324219
2022-10-28,34.86173629760742,47.20154571533203,39.64596176147461,32.2114143371582,89.6820068359375,63.14045715332031,66.63240814208984,32.603981018066406,30.274377822875977,125.37755584716797,70.31969451904297
2022-10-31,34.549251556396484,46.412132263183594,39.9791259765625,32.01355743408203,89.42610931396484,62.30721664428711,66.24081420898438,32.524288177490234,29.99144172668457,125.27373504638672,69.86858367919922
2022-11-01,34.63786697387695,46.11369323730469,40.36559295654297,32.09835433959961,89.3407974243164,61.78584289550781,66.0313720703125,32.471160888671875,30.108205795288086,125.34925079345703,69.16033172607422
2022-11-02,33.737754821777344,44.814029693603516,39.39277267456055,31.6932373046875,87.76742553710938,59.65159225463867,64.88394165039062,31.6210880279541,29.816286087036133,123.2165298461914,66.54566955566406
2022-11-03,33.994266510009766,43.71654510498047,40.121273040771484,31.372915267944336,88.68680572509766,57.89742660522461,64.66539764404297,31.603370666503906,29.946529388427734,122.697509765625,66.14788055419922
2022-11-04,35.17420196533203,44.01498794555664,40.60991287231445,31.947616577148438,90.1085205078125,58.95479965209961,65.43035125732422,32.04611587524414,30.130659103393555,123.44300079345703,66.70088195800781
2022-11-07,35.449363708496094,44.80440139770508,41.30731964111328,32.26792907714844,91.07528686523438,59.93907928466797,66.01316833496094,32.037261962890625,29.555805206298828,124.76416778564453,66.23519897460938
2022-11-08,36.06032180786133,44.852542877197266,41.34730529785156,32.456363677978516,91.8714599609375,60.51406478881836,66.20437622070312,32.232078552246094,29.762392044067383,125.3869857788086,66.07025909423828
2022-11-09,35.47734451293945,44.24603271484375,39.32612991333008,31.909929275512695,90.5919189453125,58.940185546875,65.4849853515625,31.877880096435547,29.528858184814453,124.03753662109375,64.05224609375
2022-11-10,37.440799713134766,46.92236328125,40.201236724853516,33.52096939086914,94.39262390136719,63.78365707397461,67.02397918701172,34.32185363769531,30.92108726501465,127.18941497802734,68.73343658447266
2022-11-11,37.893184661865234,48.154624938964844,41.369510650634766,33.794189453125,94.33577728271484,64.87512969970703,66.95112609863281,34.30414962768555,30.575279235839844,125.63233184814453,70.38275909423828
2022-11-14,37.84187316894531,47.96208572387695,41.35618591308594,33.31370544433594,93.75758361816406,64.31964111328125,66.42295837402344,33.39207458496094,30.211496353149414,125.74561309814453,69.26705169677734
2022-11-15,37.78590774536133,48.67448806762695,41.79151153564453,33.389068603515625,94.402099609375,65.09928131103516,66.97845458984375,33.80827331542969,30.543838500976562,125.58514404296875,70.2129898071289
2022-11-16,37.417484283447266,48.19313430786133,40.938629150390625,33.22891616821289,93.71969604492188,64.20756530761719,67.3062973022461,33.569175720214844,30.81779670715332,125.52853393554688,69.14093780517578
2022-11-17,37.0583610534668,47.827308654785156,41.027469635009766,33.049903869628906,93.55856323242188,64.2904052734375,67.28805541992188,33.26811218261719,30.278867721557617,125.471923828125,68.30171966552734
2022-11-18,37.305545806884766,47.682899475097656,40.703189849853516,33.323123931884766,94.25048828125,64.36349487304688,68.00749206542969,33.693145751953125,30.92108726501465,126.99124145507812,68.39388275146484
2022-11-21,37.43146514892578,47.28819274902344,40.152366638183594,33.4267578125,94.55377960205078,63.67156219482422,68.654052734375,33.93223190307617,31.06031608581543,127.04784393310547,67.40428161621094
2022-11-22,38.2802734375,47.990966796875,41.409488677978516,33.76592254638672,95.28358459472656,64.90435791015625,69.1549072265625,34.1004753112793,31.325288772583008,128.15200805664062,68.1658706665039
2022-11-23,38.429527282714844,48.59746551513672,40.96083068847656,33.90724563598633,95.64374542236328,65.47935485839844,69.39167785644531,34.153602600097656,31.675594329833984,128.66156005859375,69.15062713623047
2022-11-25,38.415523529052734,48.32790756225586,40.8098030090332,34.02029037475586,96.01341247558594,65.09928131103516,69.43719482421875,34.35727310180664,31.859725952148438,129.42593383789062,69.18943786621094
2022-11-28,37.5573844909668,47.55774688720703,39.69038772583008,33.43618392944336,94.2694091796875,63.7056884765625,69.17312622070312,33.39207458496094,31.531871795654297,128.45396423339844,68.76252746582031
2022-11-29,37.68330764770508,47.57699966430664,40.290069580078125,33.63402557373047,94.84758758544922,63.08198165893555,68.90902709960938,33.9499397277832,31.298343658447266,128.1331024169922,68.54425811767578
2022-11-30,38.59275817871094,49.58906173706055,40.48997116088867,34.20872497558594,96.4114761352539,66.24922943115234,70.29322814941406,34.746891021728516,32.07978439331055,131.19061279296875,70.90668487548828
2022-12-01,38.6393928527832,49.87788009643555,40.3567008972168,34.01087188720703,96.43991088867188,66.3418197631836,69.97449493408203,34.67605209350586,32.05284881591797,131.5680694580078,70.89696502685547
2022-12-02,39.06379699707031,50.00301742553711,40.1168327331543,33.850711822509766,96.9896469116211,65.95687866210938,70.29322814941406,34.50780487060547,31.900150299072266,131.90780639648438,70.8048095703125
2022-12-05,38.28960037231445,49.213600158691406,38.92634582519531,33.012229919433594,95.36888885498047,64.86051940917969,69.40989685058594,33.92338180541992,31.720502853393555,130.643310546875,68.76252746582031
2022-12-06,37.94914627075195,47.798431396484375,37.90020751953125,32.72015380859375,94.2409896850586,63.471778869628906,68.98186492919922,33.666587829589844,31.918113708496094,129.65243530273438,67.69047546386719
2022-12-07,37.86520004272461,47.55774688720703,37.81137466430664,32.58826446533203,94.11778259277344,63.150203704833984,69.27328491210938,33.737430572509766,31.7699031829834,130.7187957763672,67.28301239013672
2022-12-08,38.14502716064453,47.46147537231445,37.64257049560547,32.61652374267578,94.67698669433594,64.18318939208984,69.64666748046875,33.98535919189453,31.97649383544922,131.89840698242188,67.93303680419922
2022-12-09,37.76726531982422,47.596256256103516,36.72748565673828,32.53173828125,93.89978790283203,63.788516998291016,69.10935974121094,33.914527893066406,31.810331344604492,130.20921325683594,67.63711547851562
2022-12-12,38.093727111816406,47.97171401977539,37.691436767578125,32.96511459350586,95.51105499267578,65.18212890625,69.837890625,34.1978759765625,32.537879943847656,131.59642028808594,67.80690002441406
2022-12-13,38.62071990966797,48.78038024902344,38.40660858154297,33.049903869628906,95.87123107910156,65.95199584960938,69.73773193359375,34.950557708740234,32.636680603027344,132.00222778320312,67.80690002441406
2022-12-14,38.205650329589844,48.14500045776367,38.171180725097656,32.6353645324707,95.69113159179688,65.3965072631836,69.69219207763672,34.61406707763672,32.59626770019531,132.20982360839844,67.30242156982422
2022-12-15,37.03971481323242,46.26771545410156,37.940189361572266,31.994718551635742,93.37847900390625,62.95042037963867,68.50834655761719,34.21559143066406,32.201045989990234,129.7845458984375,66.19640350341797
2022-12-16,36.88114547729492,46.25809860229492,37.47376251220703,31.749773025512695,92.98039245605469,62.1171760559082,68.17140197753906,33.20612335205078,31.65314292907715,127.89716339111328,64.95938873291016
2022-12-19,36.401885986328125,45.17527770996094,37.46928024291992,31.664445877075195,92.49090576171875,61.288883209228516,68.12830352783203,32.81298065185547,31.52726173400879,127.41960144042969,63.916481018066406
2022-12-20,36.64128112792969,45.484100341796875,38.03475570678711,31.797170639038086,92.60517120361328,61.38174057006836,68.0732650756836,32.74134063720703,31.53632164001465,127.39116668701172,63.1722526550293
2022-12-21,36.96047592163086,46.082454681396484,38.75729751586914,32.29015350341797,94.34795379638672,62.39816665649414,68.75198364257812,33.07269287109375,31.975522994995117,129.068359375,64.17915344238281
2022-12-22,36.603729248046875,45.686771392822266,37.86421585083008,32.00574493408203,93.14801788330078,60.82465362548828,68.5960464477539,32.9114875793457,31.780824661254883,128.88836669921875,62.53017044067383
2022-12-23,36.857200622558594,46.13070297241211,39.071449279785156,32.18585968017578,93.70036315917969,60.888179779052734,68.9537582397461,33.2070198059082,32.10683059692383,128.9641571044922,62.958221435546875
2022-12-27,36.89005661010742,45.71571731567383,39.48881530761719,32.1763801574707,93.9860610961914,60.31155014038086,69.28395080566406,33.180152893066406,32.306053161621094,128.63253784179688,61.93673324584961
2022-12-28,36.32677459716797,45.04981994628906,38.60470962524414,32.062618255615234,92.75755310058594,59.33910369873047,68.42179107666016,32.65177917480469,31.998149871826172,127.79861450195312,61.416255950927734
2022-12-29,36.7210807800293,46.294761657714844,39.00862121582031,32.50819396972656,93.90034484863281,60.893062591552734,68.71529388427734,33.377174377441406,32.22907638549805,129.19155883789062,62.99715042114258
2022-12-30,36.46290588378906,46.31407165527344,39.255455017089844,32.42287826538086,93.5289535522461,60.80998992919922,68.37593078613281,33.07269287109375,31.92119026184082,128.7272491455078,62.8268928527832
2023-01-03,36.425357818603516,46.912418365478516,37.8776741027832,32.53664016723633,93.72894287109375,60.233360290527344,68.1191177368164,33.19806671142578,31.92119026184082,128.35769653320312,62.452335357666016
2023-01-04,37.059043884277344,47.79064178466797,37.873191833496094,33.05805969238281,94.5574722290039,60.38973617553711,68.3851089477539,33.95927810668945,32.210968017578125,128.69883728027344,63.357086181640625
2023-01-05,36.47229766845703,47.85820007324219,38.5643196105957,32.81156921386719,93.53845977783203,59.21693420410156,67.69721984863281,32.96522903442383,31.5136775970459,127.38169860839844,62.76852035522461
2023-01-06,37.725589752197266,48.6399040222168,39.29584884643555,33.54155731201172,96.10025787353516,60.951698303222656,69.50407409667969,33.923465728759766,32.14757537841797,128.55667114257812,64.24239349365234
2023-01-09,37.96498107910156,48.71710968017578,39.1567268371582,33.41831588745117,95.67169952392578,61.660274505615234,68.82535552978516,33.905548095703125,32.364906311035156,126.40570831298828,64.63152313232422
2023-01-10,38.34519958496094,49.45056915283203,39.43497085571289,33.60792541503906,96.19548797607422,62.04143142700195,68.733642578125,34.00406265258789,32.373966217041016,127.46699523925781,65.4438705444336
2023-01-11,38.94602966308594,49.807647705078125,39.55614471435547,33.9207763671875,97.11925506591797,63.11651611328125,68.77032470703125,35.23991012573242,32.6365852355957,128.18714904785156,67.20958709716797
2023-01-12,39.0915412902832,50.357749938964844,40.31010818481445,33.98712921142578,97.6906509399414,63.58563232421875,68.22918701171875,35.63395690917969,32.41471862792969,127.7796630859375,67.32147979736328
2023-01-13,39.33094024658203,50.52180099487305,40.368446350097656,34.243099212646484,97.57637023925781,63.766441345214844,68.5501937866211,35.42798614501953,32.296993255615234,128.34820556640625,67.95381927490234
2023-01-17,38.93663787841797,50.048912048339844,40.45372772216797,34.01558303833008,96.74783325195312,64.05475616455078,68.5960464477539,35.43694305419922,32.2517204284668,127.75128173828125,68.00247192382812
2023-01-18,38.387447357177734,49.440914154052734,39.71320724487305,33.38038635253906,94.92887878417969,63.22890853881836,66.7249984741211,34.890647888183594,31.477462768554688,125.95088195800781,67.1171875
2023-01-19,38.09172439575195,49.69184112548828,40.20687484741211,32.99169158935547,92.97659301757812,62.49101257324219,66.09214782714844,34.72050476074219,31.16050910949707,126.25408172607422,66.00325775146484
2023-01-20,38.85683822631836,51.24562072753906,40.6063117980957,33.513118743896484,94.27176666259766,64.18181610107422,66.60578155517578,35.12350082397461,31.346153259277344,126.88897705078125,67.60359954833984
2023-01-23,38.98358154296875,52.14313507080078,40.66015625,33.90180587768555,95.30029296875,65.6429214477539,66.81672668457031,35.22201156616211,31.35521125793457,127.3248291015625,68.65914154052734
2023-01-24,39.00705337524414,51.99837875366211,40.50308609008789,33.9207763671875,95.92881774902344,65.61360931396484,67.09187316894531,35.3742561340332,31.5136775970459,126.48152160644531,68.5813217163086
2023-01-25,39.08684158325195,52.18174362182617,40.50757598876953,34.18621826171875,95.39552307128906,65.47677612304688,67.2569808959961,35.41007614135742,31.08806800842285,126.51939392089844,68.9315414428711
2023-01-26,39.274600982666016,52.992408752441406,41.78661346435547,34.36634826660156,95.91930389404297,66.52253723144531,67.01851654052734,35.81308364868164,31.192203521728516,126.75630950927734,70.34219360351562
2023-01-27,39.14786911010742,53.3591423034668,40.94289016723633,34.36634826660156,96.31926727294922,66.80106353759766,66.82588195800781,36.135475158691406,31.192203521728516,125.89401245117188,71.93766021728516
2023-01-30,38.88031768798828,52.5195198059082,40.00492858886719,34.19569778442383,95.3764877319336,65.52564239501953,66.90843963623047,35.696651458740234,31.051843643188477,124.7569351196289,70.71186065673828
2023-01-31,39.734622955322266,53.15646743774414,40.35947036743164,34.660240173339844,96.99545288085938,66.439453125,67.63301086425781,36.350406646728516,31.282760620117188,126.36781311035156,72.3316650390625
2023-02-01,39.99748611450195,53.78377151489258,39.56511688232422,34.660240173339844,97.7001724243164,68.00320434570312,68.17413330078125,36.61906814575195,31.337099075317383,126.96475982666016,73.70340728759766
2023-02-02,39.87074661254883,57.31595230102539,38.663055419921875,34.75504684448242,98.4620590209961,69.86016082763672,67.587158203125,37.46088790893555,31.405012130737305,126.10247039794922,75.96041870117188
2023-02-03,39.152565002441406,56.16750717163086,38.57778549194336,34.688682556152344,97.9477767944336,69.27862548828125,67.3211669921875,36.6817626953125,30.748477935791016,125.73292541503906,73.6207046508789
2023-02-06,38.7207145690918,55.49195098876953,38.40275192260742,34.679203033447266,97.70970153808594,68.4332275390625,67.4037094116211,36.448917388916016,31.01108741760254,125.03175354003906,73.51368713378906
2023-02-07,39.24175262451172,56.52458572387695,39.65038299560547,35.07737731933594,98.01443481445312,70.14356994628906,67.119384765625,36.305625915527344,30.99751091003418,125.83717346191406,73.68392944335938
2023-02-08,38.9272575378418,54.748844146728516,39.29584884643555,34.868812561035156,97.46209716796875,69.29817962646484,66.60578155517578,36.20711898803711,30.476804733276367,125.46763610839844,73.05645751953125
2023-02-09,38.36397171020508,53.552146911621094,38.959251403808594,34.48011016845703,96.5859375,68.91700744628906,66.31227111816406,35.857852935791016,30.06024742126465,124.36841583251953,72.92024993896484
2023-02-10,38.50479507446289,53.040653228759766,40.485130310058594,34.59387969970703,97.27162170410156,68.59937286376953,66.92678833007812,35.92948913574219,30.657920837402344,125.54342651367188,72.06414031982422
2023-02-13,38.70663833618164,53.79342269897461,40.38191223144531,34.9920539855957,98.15729522705078,69.7868423461914,67.68804931640625,36.26084899902344,30.84356117248535,126.58573913574219,73.11968231201172
2023-02-14,38.79582214355469,53.81271743774414,40.39537048339844,34.80244445800781,97.89065551757812,70.0849380493164,67.07352447509766,35.88472366333008,30.71225357055664,125.83717346191406,73.9952392578125
2023-02-15,38.964805603027344,54.30491256713867,39.70873260498047,34.84036636352539,98.50012969970703,70.4123306274414,67.2019271850586,35.98323059082031,30.911474227905273,125.21178436279297,74.86109161376953
2023-02-16,38.52357482910156,53.474937438964844,39.31829071044922,34.489593505859375,97.48114013671875,69.19066619873047,66.71582794189453,35.65187072753906,30.676027297973633,123.96097564697266,73.22669982910156
2023-02-17,38.16212844848633,53.41703796386719,37.91807174682617,34.49907684326172,98.11920928955078,68.32572174072266,67.57798767089844,35.47276306152344,31.006563186645508,125.06964111328125,73.24128723144531
2023-02-21,37.53313446044922,52.23965072631836,37.72957992553711,33.788047790527344,95.8716812133789,66.70335388183594,67.3211669921875,34.77423858642578,30.4269962310791,123.44927978515625,70.79457092285156
2023-02-22,37.81478500366211,52.34580993652344,37.47825241088867,33.750118255615234,95.63361358642578,66.60559844970703,67.22028350830078,34.460792541503906,30.30927276611328,123.03236389160156,71.15451049804688
2023-02-23,37.857025146484375,52.10453414916992,38.04372787475586,33.778564453125,96.08121490478516,67.70999908447266,67.13774108886719,34.792144775390625,30.150800704956055,123.36402130126953,71.09613800048828
2023-02-24,38.110496520996094,51.38072204589844,37.994361877441406,33.8070068359375,95.52884674072266,66.50298309326172,66.68832397460938,34.14734649658203,30.159866333007812,121.77210235595703,69.97736358642578
2023-02-27,38.237239837646484,51.5447883605957,38.10655975341797,33.79752731323242,96.37643432617188,66.85970306396484,66.61494445800781,34.20107650756836,29.956106185913086,121.40253448486328,70.84320068359375
2023-02-28,38.410911560058594,51.631649017333984,37.55902862548828,33.863895416259766,96.15738677978516,66.7131118774414,66.06462860107422,34.218990325927734,29.430879592895508,120.50234985351562,70.79457092285156
2023-03-01,38.71133041381836,51.2359619140625,38.299537658691406,33.750118255615234,96.538330078125,66.22442626953125,65.57853698730469,33.69062042236328,28.946401596069336,120.30335998535156,69.90441131591797
2023-03-02,39.152565002441406,51.718505859375,38.6361198425293,33.58895492553711,97.6716079711914,67.04051208496094,66.47736358642578,34.129432678222656,29.494264602661133,121.04244995117188,69.67091369628906
2023-03-03,39.711158752441406,52.8476448059082,39.16120529174805,34.1198616027832,98.72868347167969,68.48208618164062,66.53240966796875,34.70258331298828,29.996858596801758,122.39749908447266,71.16911315917969
2023-03-06,39.068077087402344,52.8476448059082,39.179161071777344,34.14830017089844,98.54774475097656,68.80950164794922,66.7066650390625,34.56825637817383,30.141748428344727,122.34062957763672,70.64863586425781
2023-03-07,38.29825973510742,52.30720520019531,38.497005462646484,33.266632080078125,97.28116607666016,67.9543228149414,66.04629516601562,33.6995735168457,29.64821434020996,120.36968994140625,69.68550872802734
2023-03-08,38.48601531982422,52.336151123046875,38.10206604003906,33.143375396728516,97.50971221923828,68.51630401611328,66.15635681152344,34.174217224121094,29.874608993530273,119.725341796875,69.55904388427734
2023-03-09,37.49558639526367,51.15875244140625,37.56352615356445,31.797170639038086,96.0716781616211,67.53406524658203,65.54183959960938,33.395084381103516,29.63463020324707,118.51245880126953,67.90032958984375
2023-03-10,36.69761276245117,50.4349479675293,37.08332061767578,31.218868255615234,94.28128051757812,66.34661865234375,65.22083282470703,32.329376220703125,29.168264389038086,117.64070129394531,67.22417449951172
2023-03-13,36.32208251953125,50.4349479675293,36.3293571472168,29.986417770385742,93.74797821044922,66.70821380615234,65.55101013183594,32.84879684448242,29.616519927978516,118.73987579345703,67.365234375
2023-03-14,36.78679275512695,51.86326599121094,36.68838882446289,30.593162536621094,94.73841094970703,68.2475357055664,66.1471939086914,33.189117431640625,30.005916595458984,119.8011474609375,68.50836181640625
2023-03-15,35.59452438354492,52.42300796508789,34.71821212768555,29.777849197387695,92.40520477294922,68.28662872314453,66.57823944091797,33.2070198059082,30.413415908813477,119.69691467285156,68.40621185302734
2023-03-16,36.002899169921875,53.60040283203125,35.095191955566406,30.34667205810547,93.5956039428711,70.20220184326172,66.62409973144531,33.2070198059082,30.617176055908203,120.81504821777344,69.64173126220703
2023-03-17,35.444313049316406,53.088905334472656,34.54318618774414,29.37019157409668,92.06233215332031,70.10447692871094,66.13800811767578,32.445804595947266,30.322858810424805,119.26102447509766,68.7515640258789
2023-03-20,36.173641204833984,53.48567581176758,35.23473358154297,29.696985244750977,93.28155517578125,70.29351806640625,67.05498504638672,32.79395294189453,30.56004524230957,120.77259826660156,69.0491943359375
2023-03-21,36.61207962036133,54.62757873535156,36.45455551147461,30.449649810791016,94.36211395263672,70.86162567138672,66.99968719482422,32.60453796386719,29.944284439086914,121.50507354736328,70.9569091796875
2023-03-22,35.96147918701172,53.66954040527344,35.679134368896484,29.74462127685547,92.5548095703125,70.1563720703125,66.38223266601562,31.41400146484375,29.355886459350586,119.66915130615234,69.37609100341797
2023-03-23,35.9190559387207,54.540489196777344,35.184844970703125,29.544546127319336,92.28706359863281,71.29751586914062,66.12417602539062,31.224599838256836,29.054847717285156,119.44082641601562,69.30290222167969
2023-03-24,36.211341857910156,54.821128845214844,35.32088851928711,29.525487899780273,92.66956329345703,71.48361206054688,67.24851989746094,32.02730941772461,29.962522506713867,121.09603118896484,69.0784683227539
2023-03-27,36.48006820678711,54.51145553588867,36.073646545410156,29.935169219970703,93.4441146850586,70.9301986694336,67.60794830322266,31.919078826904297,29.99901580810547,121.5906753540039,69.219970703125
2023-03-28,36.65449905395508,54.066307067871094,36.63142013549805,29.925642013549805,93.92223358154297,70.59716796875,67.72775268554688,31.810850143432617,30.081113815307617,120.85820770263672,69.13702392578125
2023-03-29,37.163658142089844,54.78242111206055,37.139312744140625,30.36390495300293,95.2896728515625,72.07620239257812,68.10560607910156,32.56846618652344,30.518997192382812,121.19114685058594,70.44950103759766
2023-03-30,37.41823959350586,55.043704986572266,37.30255126953125,30.297212600708008,95.490478515625,72.9136734008789,68.29914093017578,32.99237060546875,30.651262283325195,121.84754180908203,71.06426239013672
2023-03-31,38.02640151977539,56.098514556884766,37.56103515625,30.630674362182617,96.75272369384766,73.95682525634766,68.85209655761719,33.71390914916992,30.874767303466797,123.1507797241211,72.96224975585938
2023-04-03,38.26682662963867,56.33076477050781,39.26155471801758,30.687835693359375,96.92485046386719,73.83929443359375,69.21150207519531,33.39823532104492,30.66495132446289,124.53011322021484,72.29381561279297
2023-04-04,37.715240478515625,56.50495529174805,38.54960632324219,30.402013778686523,94.75416564941406,73.43280792236328,69.0732650756836,33.407257080078125,30.820032119750977,124.54911041259766,72.17671203613281
2023-04-05,37.63037872314453,56.32109069824219,39.13005065917969,30.36390495300293,93.52062225341797,72.59532928466797,69.39583587646484,33.23588562011719,31.618242263793945,126.69895935058594,70.69833374023438
2023-04-06,37.540809631347656,57.02751922607422,38.536006927490234,30.47823143005371,93.4919204711914,73.00672912597656,69.45112609863281,33.46136474609375,31.841747283935547,127.01290130615234,70.71296691894531
2023-04-10,37.71996307373047,56.90171432495117,38.844364166259766,30.5449275970459,94.3429946899414,72.96754455566406,69.45112609863281,33.63273239135742,31.77788543701172,126.92729949951172,71.02523040771484
2023-04-11,38.01224136352539,56.756561279296875,39.211669921875,30.811691284179688,94.90718078613281,72.2818832397461,69.65386199951172,33.79508590698242,31.805246353149414,127.35536193847656,71.137451171875
2023-04-12,38.040550231933594,56.16625213623047,39.2388801574707,30.74500274658203,95.22274017333984,71.87049865722656,69.34053802490234,33.69587707519531,31.773324966430664,127.39337921142578,70.03475952148438
2023-04-13,38.43183135986328,57.337181091308594,39.48374938964844,31.021297454833984,95.5765380859375,73.20752716064453,69.72761535644531,33.58763885498047,31.77788543701172,129.0486297607422,71.58145141601562
2023-04-14,38.1536865234375,57.31783676147461,39.556312561035156,31.326175689697266,95.4617919921875,72.801025390625,69.28524017333984,33.01040267944336,31.42211151123047,128.01173400878906,71.67415618896484
2023-04-17,38.37526321411133,56.988800048828125,39.089229583740234,31.68821144104004,96.21723937988281,73.06548309326172,69.72761535644531,33.759010314941406,31.595441818237305,127.9071044921875,72.18157958984375
2023-04-18,38.53554916381836,56.698486328125,39.24341583251953,31.783485412597656,96.67623138427734,73.290771484375,69.93956756591797,33.70488357543945,31.431236267089844,127.03192138671875,72.2986831665039
2023-04-19,38.42711639404297,56.272701263427734,39.10736846923828,31.859712600708008,96.59971618652344,73.08019256591797,69.89349365234375,33.90330505371094,31.6729793548584,127.42193603515625,72.2303695678711
2023-04-20,38.38468551635742,55.69207000732422,38.76274108886719,31.764442443847656,96.4275894165039,72.6002197265625,70.05938720703125,33.49744415283203,31.663846969604492,126.89874267578125,71.11793518066406
2023-04-21,38.04525375366211,55.82754898071289,38.536006927490234,31.650110244750977,96.20767211914062,72.36516571044922,70.56625366210938,33.53352355957031,31.755083084106445,127.75486755371094,71.9034652709961
2023-04-24,38.304542541503906,55.76948165893555,39.12550735473633,31.573888778686523,96.43716430664062,72.04682922363281,70.8519515991211,33.44332504272461,31.914718627929688,128.4683380126953,71.89372253417969
2023-04-25,37.47481155395508,54.89854431152344,38.390892028808594,31.030820846557617,94.65855407714844,70.50902557373047,70.75978088378906,33.13667297363281,31.882795333862305,127.09850311279297,70.46900939941406
2023-04-26,37.031654357910156,54.31791687011719,37.87846374511719,30.735471725463867,92.87037658691406,71.55707550048828,70.20683288574219,32.86609649658203,31.134748458862305,125.2911148071289,70.10794830322266
2023-04-27,37.536102294921875,57.4726676940918,38.01450729370117,31.230897903442383,94.70635986328125,73.0752944946289,70.99018096923828,33.6597900390625,31.508777618408203,125.94746398925781,71.95713806152344
2023-04-28,37.97453689575195,57.96620178222656,38.60402297973633,31.602466583251953,95.62435150146484,73.86868286132812,71.3680419921875,34.047611236572266,31.463165283203125,127.02241516113281,72.14254760742188
2023-05-01,37.955684661865234,57.956520080566406,38.1686897277832,31.516725540161133,96.14073181152344,73.91275787353516,71.42333221435547,33.73194122314453,31.517894744873047,127.67877960205078,71.43020629882812
2023-05-02,37.587955474853516,56.88236999511719,36.508975982666016,30.802169799804688,95.13667297363281,73.22220611572266,71.22979736328125,33.15471649169922,31.134748458862305,127.12703704833984,71.50337219238281
2023-05-03,37.1730842590332,56.659793853759766,35.81970977783203,30.449649810791016,94.77328491210938,72.6051254272461,70.64920043945312,32.947269439697266,31.048091888427734,126.9558334350586,70.9374008178711
2023-05-04,36.93265151977539,55.75012969970703,35.420650482177734,30.059022903442383,93.74055480957031,72.25740051269531,70.4740982055664,33.2539176940918,31.285274505615234,125.94746398925781,70.39095306396484
2023-05-05,37.554954528808594,56.44689178466797,36.38201904296875,30.802169799804688,95.15579986572266,74.06948852539062,71.12842559814453,33.76802444458008,31.4859676361084,127.07948303222656,71.8156509399414
2023-05-08,37.43238067626953,57.01784133911133,36.38201904296875,30.84980583190918,94.8115463256836,74.0302963256836,70.91645812988281,33.53352355957031,31.390180587768555,126.80361938476562,72.05961608886719
2023-05-09,37.09294509887695,56.659793853759766,36.39561462402344,30.735471725463867,95.02192687988281,73.46219635009766,70.69527435302734,33.42529296875,31.349136352539062,125.95699310302734,72.04006958007812
2023-05-10,37.116519927978516,57.162994384765625,35.98295593261719,30.563983917236328,94.67765808105469,74.35842895507812,70.58466339111328,33.740966796875,31.636484146118164,126.30896759033203,72.40602111816406
2023-05-11,36.75350570678711,57.73394775390625,35.552162170410156,30.516342163085938,94.10394287109375,74.02539825439453,70.7966537475586,33.38922119140625,31.312639236450195,125.9189453125,72.74266815185547
2023-05-12,36.81950759887695,57.78233337402344,35.60657501220703,30.392486572265625,94.17086029052734,73.92745971679688,71.07312774658203,33.45235061645508,31.4859676361084,125.74771881103516,72.12792205810547
2023-05-15,37.13065719604492,58.05329513549805,35.787960052490234,30.64019775390625,94.62985229492188,74.53963470458984,70.89802551269531,33.38922119140625,31.089143753051758,125.52894592285156,72.22061920166016
2023-05-16,36.517784118652344,57.98555374145508,34.908233642578125,30.3543758392334,93.34849548339844,74.61799621582031,70.29900360107422,32.496307373046875,30.400400161743164,124.48253631591797,71.9278793334961
2023-05-17,36.75822067260742,58.69198989868164,35.57936477661133,30.964134216308594,94.95499420166016,75.61219024658203,70.26213073730469,32.92021560668945,30.290935516357422,124.63473510742188,73.4257583618164
2023-05-18,36.97508239746094,59.746803283691406,35.83784103393555,31.192794799804688,95.64348602294922,77.15978240966797,69.92115020751953,32.712772369384766,30.19970703125,124.33031463623047,74.56745910644531
2023-05-19,37.06937026977539,59.427452087402344,36.114463806152344,31.059404373168945,95.41399383544922,77.12550354003906,69.96721649169922,32.658653259277344,30.154102325439453,124.91059112548828,73.94293975830078
2023-05-22,36.87607955932617,59.96937561035156,35.96481704711914,31.11656951904297,95.39485931396484,77.27242279052734,68.90739440917969,32.87511444091797,30.16321563720703,125.03428649902344,73.713623046875
2023-05-23,36.305641174316406,59.22423553466797,36.35026550292969,30.75452423095703,94.24736785888672,76.13131713867188,68.4005126953125,32.46924591064453,30.058313369750977,123.66443634033203,73.04031372070312
2023-05-24,35.89076614379883,58.95327377319336,36.508975982666016,30.3543758392334,93.03292846679688,75.572998046875,67.9581527709961,31.75673484802246,29.8621768951416,122.81781005859375,72.7719497680664
2023-05-25,35.76347351074219,58.95327377319336,35.86051940917969,30.3448486328125,93.33892059326172,78.47229766845703,67.44205474853516,31.828882217407227,29.460790634155273,121.56214904785156,72.4450454711914
2023-05-26,35.942626953125,60.15324401855469,35.719940185546875,30.592561721801758,94.03697967529297,80.70066833496094,67.67244720458984,32.198673248291016,29.460790634155273,121.3148193359375,74.1478500366211
2023-05-30,35.74934005737305,60.25000762939453,35.35262680053711,30.58303451538086,93.8935546875,81.13163757324219,66.89830017089844,32.29788589477539,29.34676170349121,120.56331634521484,74.64554595947266
2023-05-31,35.367469787597656,60.23065948486328,34.73137283325195,30.259098052978516,92.6121826171875,80.4557876586914,66.97203063964844,32.50532913208008,29.615877151489258,121.6002197265625,73.97220611572266
2023-06-01,35.83891296386719,61.043548583984375,35.162174224853516,30.58303451538086,93.79792022705078,81.2736587524414,66.91675567626953,32.51434326171875,29.396936416625977,122.39926147460938,74.8455810546875
2023-06-02,37.04108810424805,61.1209602355957,36.232364654541016,31.249950408935547,96.52323150634766,81.73892211914062,67.83834838867188,33.1998176574707,29.702537536621094,123.96884155273438,76.60205841064453
2023-06-05,37.01279830932617,61.27579879760742,35.99203109741211,31.08799171447754,95.85384368896484,81.2687759399414,67.58949279785156,33.04648208618164,29.843935012817383,124.41594696044922,76.83137512207031
2023-06-06,37.24851608276367,61.527400970458984,36.28224563598633,31.478612899780273,96.45629119873047,81.24918365478516,67.24851989746094,33.24490737915039,29.82112693786621,123.37905883789062,77.63154602050781
2023-06-07,37.691673278808594,60.8403205871582,37.24360656738281,31.602466583251953,98.00540924072266,80.03461456298828,67.02734375,33.85821533203125,30.327421188354492,122.8939208984375,77.10459899902344
2023-06-08,37.554954528808594,61.149986267089844,37.08489227294922,31.573888778686523,98.1775131225586,80.90145111083984,67.4881362915039,33.6507682800293,30.45970344543457,123.6834716796875,78.2463150024414
2023-06-09,37.243804931640625,61.169342041015625,36.880821228027344,31.583412170410156,97.9193344116211,81.30303955078125,67.3775634765625,33.47940444946289,30.281810760498047,124.06398010253906,78.65128326416016
2023-06-12,37.41352081298828,61.8951301574707,36.527122497558594,31.573888778686523,98.61738586425781,83.07103729248047,67.3591079711914,33.46136474609375,30.227075576782227,124.51107025146484,80.00279998779297
2023-06-13,38.28097152709961,62.09835433959961,36.699440002441406,31.764442443847656,99.764892578125,83.57547760009766,67.6355972290039,33.70488357543945,30.222515106201172,125.138916015625,80.83224487304688
2023-06-14,38.12067794799805,62.204803466796875,36.323055267333984,31.640575408935547,99.49713897705078,84.43743896484375,68.05029296875,33.885276794433594,30.20427131652832,123.85469055175781,80.7737045288086
2023-06-15,38.44598388671875,63.191871643066406,36.72212219238281,32.05978775024414,100.99845123291016,85.52467346191406,68.73229217529297,34.029579162597656,30.532670974731445,125.77623748779297,81.3006362915039
2023-06-16,38.540260314941406,62.669307708740234,36.667701721191406,31.99308967590332,100.83588409423828,84.81944274902344,68.81522369384766,33.99350357055664,30.696887969970703,125.7667465209961,81.17867279052734
2023-06-20,38.01865768432617,62.36397171020508,35.84699630737305,31.753843307495117,100.08702850341797,84.24622344970703,68.29176330566406,33.628360748291016,30.336868286132812,125.62538146972656,81.7868423461914
2023-06-21,38.141841888427734,61.74363708496094,36.13063430786133,31.715560913085938,100.64386749267578,82.99964141845703,68.53306579589844,33.482662200927734,30.580556869506836,125.64446258544922,80.8041763305664
2023-06-22,38.051822662353516,62.228275299072266,35.645713806152344,31.46673583984375,99.91421508789062,83.67691040039062,68.93217468261719,33.009151458740234,30.3460636138916,126.50413513183594,81.83572387695312
2023-06-23,37.743892669677734,62.09257507324219,35.3895378112793,31.33275604248047,99.15576171875,82.76898956298828,68.47738647460938,32.654014587402344,29.900066375732422,126.08385467529297,80.88726806640625
2023-06-26,38.13710403442383,61.47222900390625,36.02541732788086,31.265756607055664,99.98140716552734,82.17516326904297,68.5701904296875,33.38249588012695,30.194334030151367,125.36746215820312,79.85082244873047
2023-06-27,38.67716979980469,62.50935745239258,36.10776901245117,31.51458740234375,101.18150329589844,83.7947006225586,68.77439880371094,33.74673080444336,30.20352554321289,125.08090209960938,81.56683349609375
2023-06-28,38.411869049072266,62.79047393798828,36.473731994628906,31.438024520874023,101.18150329589844,83.84378051757812,68.31031799316406,33.837791442871094,29.757532119750977,124.67974090576172,81.88951110839844
2023-06-29,38.89509963989258,62.45121383666992,36.89460372924805,31.983522415161133,102.16078186035156,83.99102783203125,68.24534606933594,34.14739227294922,29.757532119750977,125.49165344238281,81.97750091552734
2023-06-30,39.25989532470703,63.08125686645508,37.132484436035156,32.26105880737305,103.03443145751953,85.32592010498047,68.83935546875,34.320411682128906,30.088581085205078,126.7811508178711,83.01885986328125
2023-07-03,39.40675354003906,63.29449462890625,37.21940612792969,32.44288635253906,103.05363464355469,85.14434051513672,69.37767028808594,34.593589782714844,30.313873291015625,125.74000549316406,84.02108764648438
2023-07-05,38.4355583190918,63.77914047241211,37.01354217529297,32.37590026855469,102.49678802490234,84.61920928955078,69.25701904296875,34.766597747802734,30.65871810913086,125.67314147949219,84.0552978515625
2023-07-06,38.15605926513672,63.27510070800781,36.18095397949219,32.09836959838867,101.72872924804688,84.3934555053711,69.08067321777344,34.575374603271484,30.286291122436523,124.67020416259766,82.7010726928711
2023-07-07,38.4876708984375,63.052181243896484,36.958641052246094,32.146217346191406,101.95915985107422,84.02538299560547,68.18038940429688,34.41146469116211,30.065587997436523,123.21832275390625,82.8037338256836
2023-07-10,38.47820281982422,62.88739776611328,37.24684524536133,32.28976821899414,103.40885925292969,84.24622344970703,68.16182708740234,34.529842376708984,29.936847686767578,124.19261169433594,83.05796813964844
2023-07-11,38.857208251953125,63.98268508911133,38.065711975097656,32.67257308959961,104.6281509399414,84.42780303955078,68.2639389038086,34.92139434814453,30.309274673461914,124.22126007080078,83.752197265625
2023-07-12,39.36885452270508,64.75811767578125,38.417964935302734,32.883113861083984,104.44572448730469,85.38481140136719,68.42169952392578,35.08530807495117,30.750675201416016,123.8869400024414,84.50509643554688
2023-07-13,39.676795959472656,65.70803833007812,38.271575927734375,32.997962951660156,104.58014678955078,86.49887084960938,68.70943450927734,35.32206726074219,30.856430053710938,123.9346923828125,85.29708862304688
2023-07-14,39.44466018676758,65.08768463134766,37.26057052612305,32.77783966064453,104.27291107177734,86.37127685546875,68.94145965576172,35.32206726074219,30.736881256103516,125.79730987548828,85.51709747314453
2023-07-17,39.4825553894043,64.85504913330078,37.187381744384766,33.093666076660156,104.66654205322266,87.47551727294922,68.73726654052734,35.02156448364258,30.382848739624023,125.22418975830078,85.86421203613281
2023-07-18,39.790496826171875,65.3009262084961,37.562496185302734,33.46690368652344,105.25218963623047,88.46687316894531,68.66302490234375,34.73017120361328,30.148351669311523,126.15071105957031,86.21623229980469
2023-07-19,39.57731246948242,65.48509216308594,37.78208541870117,33.61045455932617,105.2042007446289,88.24601745605469,69.35912322998047,35.11262512207031,30.45641326904297,126.73338317871094,86.51932525634766
2023-07-20,39.67205810546875,64.18623352050781,38.225826263427734,33.859275817871094,105.67461395263672,86.48414611816406,69.95313262939453,34.99425506591797,31.012752532958984,128.8347930908203,83.5713119506836
2023-07-21,39.676795959472656,63.54650115966797,38.564353942871094,33.74443435668945,105.17537689208984,86.43998718261719,70.19442749023438,35.149044036865234,31.477144241333008,130.1338348388672,83.59086608886719
2023-07-24,39.79997253417969,63.66283416748047,39.1865119934082,34.06981658935547,105.4154052734375,86.59213256835938,70.46358489990234,35.48596954345703,31.394378662109375,129.84725952148438,84.13842010498047
2023-07-25,40.51533508300781,63.86637878417969,39.39236068725586,33.849708557128906,105.28099060058594,87.58349609375,70.44502258300781,35.22189712524414,31.449554443359375,129.7899627685547,83.94286346435547
2023-07-26,40.37795639038086,64.86474609375,39.406089782714844,34.05068588256836,106.02023315429688,86.4056167602539,70.52854919433594,35.34938430786133,31.449554443359375,129.70399475097656,83.92332458496094
2023-07-27,40.11738967895508,65.40756225585938,39.154476165771484,33.620018005371094,105.1081771850586,86.15532684326172,69.90670013427734,34.602691650390625,30.89320945739746,128.74880981445312,83.05309295654297
2023-07-28,40.39690017700195,66.69669342041016,39.27342224121094,33.68701934814453,105.76103210449219,87.32827758789062,70.63064575195312,34.502532958984375,30.824241638183594,129.1309051513672,84.46109008789062
2023-07-31,40.61009216308594,66.67731475830078,40.01908493041992,33.81142807006836,106.01062774658203,87.52950286865234,70.30580139160156,34.77570724487305,30.838035583496094,128.1374969482422,84.940185546875
2023-08-01,40.43006134033203,66.59008026123047,39.83152770996094,33.81142807006836,106.32746124267578,87.67671966552734,69.92526245117188,34.71196365356445,30.461008071899414,127.4688720703125,83.97708892822266
2023-08-02,39.92788314819336,65.33969116210938,39.310020446777344,33.52431869506836,105.21378326416016,85.50750732421875,70.17586517333984,34.56626892089844,30.461008071899414,127.5548324584961,82.47129821777344
2023-08-03,39.68153762817383,65.17491149902344,39.708011627197266,33.543460845947266,104.55133056640625,85.15906524658203,69.98095703125,34.092750549316406,29.766727447509766,126.91485595703125,82.66683959960938
2023-08-04,39.591522216796875,65.02950286865234,39.762908935546875,33.40947341918945,103.91769409179688,84.00083923339844,69.28486633300781,33.755836486816406,29.42188835144043,126.46591186523438,83.86952209472656
2023-08-07,39.85208511352539,66.03756713867188,39.80865478515625,33.87841796875,105.19458770751953,84.23640441894531,69.85101318359375,34.18382263183594,29.417287826538086,127.92736053466797,84.72998046875
2023-08-08,39.43044662475586,65.8534164428711,40.00536346435547,33.572174072265625,104.71454620361328,83.58859252929688,69.34982299804688,34.010799407958984,29.55522346496582,128.9111785888672,84.0552978515625
2023-08-09,39.26937484741211,65.14582824707031,40.508583068847656,33.32334518432617,104.65695190429688,82.50888061523438,69.45194244384766,34.092750549316406,29.61959457397461,128.87295532226562,83.05796813964844
2023-08-10,39.29779052734375,65.36878204345703,40.50400161743164,33.35205841064453,104.36892700195312,82.5186996459961,69.31270599365234,33.98347854614258,29.527639389038086,128.7870330810547,83.25840759277344
2023-08-11,39.18883514404297,65.05860900878906,41.126155853271484,33.419044494628906,104.54173278808594,81.91014099121094,69.42408752441406,34.04722213745117,29.688562393188477,129.58937072753906,82.974853515625
2023-08-14,39.27410888671875,65.53355407714844,40.95232009887695,33.35205841064453,104.58014678955078,83.21560668945312,69.08067321777344,33.8651123046875,29.454072952270508,129.98095703125,83.22907257080078
2023-08-15,38.63454818725586,64.95198059082031,40.101436614990234,32.73956298828125,103.24563598632812,82.39599609375,68.33816528320312,33.51908874511719,28.975889205932617,129.50340270996094,82.0948486328125
2023-08-16,38.37397766113281,64.17654418945312,39.75376892089844,32.69171142578125,102.66961669921875,81.61074829101562,68.18038940429688,33.109310150146484,29.104631423950195,128.5195770263672,81.07794189453125
2023-08-17,38.298179626464844,63.43988800048828,40.229530334472656,32.529029846191406,101.8055419921875,80.8353500366211,67.52141571044922,32.86344909667969,29.040258407592773,127.49751281738281,79.70416259765625
2023-08-18,38.2934455871582,63.061851501464844,40.62751388549805,32.51945495605469,101.99755859375,80.95803833007812,67.77201080322266,32.95451354980469,29.191991806030273,127.5452880859375,79.52326965332031
2023-08-21,38.298179626464844,63.517425537109375,40.371334075927734,32.481170654296875,101.87275695800781,82.50397491455078,67.3172378540039,32.67222595214844,29.00807762145996,127.67900085449219,80.43748474121094
2023-08-22,38.2650032043457,63.517425537109375,40.06025695800781,32.174922943115234,101.63274383544922,82.41072845458984,66.93669891357422,32.77239990234375,29.090837478637695,127.2300796508789,80.55484008789062
2023-08-23,38.32660675048828,64.54488372802734,39.959617614746094,32.49073791503906,102.67920684814453,83.89776611328125,67.38218688964844,33.2550048828125,29.205787658691406,127.61215209960938,81.20016479492188
2023-08-24,38.16552734375,63.3041877746582,39.685142517089844,32.37590026855469,101.43112182617188,81.96412658691406,66.8438720703125,33.10020446777344,29.035661697387695,126.50413513183594,79.61126708984375
2023-08-25,38.27922058105469,63.372039794921875,40.06940841674805,32.529029846191406,102.28556823730469,82.79844665527344,67.21512603759766,33.19126892089844,29.256364822387695,127.43067932128906,80.50106048583984
2023-08-28,38.558738708496094,64.14745330810547,40.339317321777344,32.71086120605469,103.12083435058594,83.47570037841797,67.52141571044922,33.45533752441406,29.25176429748535,127.7267837524414,80.82372283935547
2023-08-29,39.19831085205078,65.57231903076172,40.4491081237793,33.007537841796875,103.9081039428711,85.14923858642578,67.76272583007812,33.837791442871094,29.36211395263672,128.87295532226562,82.84284973144531
2023-08-30,39.288326263427734,65.58201599121094,40.65039825439453,33.026668548583984,104.37852478027344,85.79216003417969,67.87409973144531,33.9561653137207,29.228776931762695,128.77749633789062,83.19975280761719
2023-08-31,39.26937484741211,65.64986419677734,40.67784118652344,32.90226364135742,103.9081039428711,86.2093276977539,67.53070068359375,33.71030807495117,28.948305130004883,127.23963928222656,83.45885467529297
2023-09-01,39.70995330810547,65.0392074584961,41.51042938232422,33.19893264770508,104.45532989501953,86.47433471679688,66.95525360107422,33.69208908081055,28.801170349121094,127.58348083496094,82.9504165649414
2023-09-05,38.975643157958984,65.02950286865234,41.73001480102539,32.86398696899414,102.69841766357422,86.78352355957031,66.37982177734375,33.35517501831055,28.35977554321289,126.26534271240234,83.00907897949219
2023-09-06,38.89036560058594,64.82597351074219,41.74831008911133,32.84484100341797,102.25678253173828,85.86577606201172,66.30558013916016,33.29143142700195,28.42414093017578,125.57759857177734,82.2708511352539
2023-09-07,38.7150764465332,64.70966339111328,41.70713424682617,32.75870895385742,101.92076110839844,84.62411499023438,66.46334838867188,33.564605712890625,28.796571731567383,126.14116668701172,82.50062561035156
2023-09-08,38.75297927856445,64.90351104736328,42.109710693359375,32.82569885253906,101.41191864013672,84.80079650878906,66.54688262939453,33.346065521240234,29.04945945739746,126.14116668701172,82.50062561035156
2023-09-11,38.918792724609375,65.88249969482422,41.556175231933594,32.978816986083984,101.44073486328125,85.24249267578125,67.12232208251953,33.364280700683594,29.16900062561035,127.01039123535156,84.72019958496094
2023-09-12,38.82878112792969,65.19430541992188,42.535152435302734,33.19893264770508,101.0759048461914,83.69654083251953,66.54688262939453,33.364280700683594,29.205787658691406,126.84798431396484,83.95263671875
2023-09-13,38.60137939453125,65.40756225585938,42.214927673339844,33.19893264770508,100.40384674072266,83.9075927734375,66.75106811523438,33.02736282348633,29.55522346496582,126.8670883178711,84.6175308227539
2023-09-14,39.14619064331055,66.31867218017578,42.708988189697266,33.50517654418945,101.3927230834961,84.51614379882812,67.42860412597656,33.628360748291016,29.9874267578125,127.26828002929688,85.44864654541016
2023-09-15,38.7103385925293,65.4366226196289,42.091407775878906,33.33292007446289,100.80706787109375,82.89167785644531,66.87173461914062,33.5008659362793,29.858688354492188,126.26534271240234,83.98686981201172
2023-09-18,38.54944610595703,65.4832534790039,42.448097229003906,33.42423629760742,100.91889953613281,83.29007720947266,66.8483657836914,33.208072662353516,29.836435317993164,126.07353973388672,83.07345581054688
2023-09-19,38.51612091064453,65.53185272216797,42.05177688598633,33.38579177856445,100.49476623535156,83.24579620361328,66.68952178955078,33.033687591552734,29.674205780029297,126.17901611328125,82.65716552734375
2023-09-20,38.11148452758789,64.63786315917969,41.66006088256836,33.15508270263672,100.0995101928711,81.93756103515625,66.75493621826172,33.09793472290039,29.702014923095703,126.1886215209961,81.8343505859375
2023-09-21,37.34505844116211,63.841068267822266,41.0886116027832,32.607139587402344,98.46074676513672,80.6883316040039,65.895263671875,31.950607299804688,29.39145851135254,125.08565521240234,79.60103607177734
2023-09-22,37.30698776245117,63.763343811035156,41.15774917602539,32.357200622558594,98.12335968017578,80.86046600341797,65.54016876220703,31.730323791503906,29.335838317871094,124.82669067382812,78.81742095947266
2023-09-25,37.60212707519531,63.918819427490234,41.673885345458984,32.434112548828125,98.614990234375,81.12113189697266,65.30657958984375,31.675247192382812,29.294124603271484,125.50765991210938,79.30228424072266
2023-09-26,37.059444427490234,63.209468841552734,41.43424987792969,32.00152587890625,97.1111831665039,79.66041564941406,64.8206787109375,31.115358352661133,28.418081283569336,124.44303894042969,77.85748291015625
2023-09-27,37.054683685302734,63.374664306640625,42.466529846191406,31.953462600708008,97.83415985107422,79.78337097167969,64.2880630493164,30.84000015258789,27.87113380432129,123.81963348388672,77.55874633789062
2023-09-28,37.454559326171875,64.07428741455078,42.51262283325195,32.184165954589844,98.24868774414062,80.34896087646484,64.48428344726562,31.1612548828125,27.26856803894043,124.41426849365234,78.42561340332031
2023-09-29,37.39267349243164,63.714759826660156,41.655452728271484,31.88616943359375,97.7281265258789,80.62438201904297,64.29740142822266,31.271398544311523,27.314918518066406,123.47437286376953,78.8419189453125
2023-10-02,36.89759063720703,64.19087982177734,40.82593536376953,31.617006301879883,96.77379608154297,81.48999786376953,63.85822296142578,30.70232391357422,26.044885635375977,123.30171203613281,78.90560150146484
2023-10-03,36.797630310058594,63.32608413696289,40.798282623291016,31.11713409423828,96.0989990234375,80.10797119140625,63.400360107421875,30.14242935180664,26.34617042541504,122.2083511352539,76.98570251464844
2023-10-04,37.23081970214844,63.928531646728516,39.51715087890625,31.347843170166016,96.407470703125,81.10637664794922,63.90494155883789,30.463680267333984,26.318357467651367,122.72628021240234,78.50396728515625
2023-10-05,36.77859115600586,63.841068267822266,39.27290344238281,31.492034912109375,95.8387222290039,81.2145767211914,62.64348220825195,30.683963775634766,26.1653995513916,123.39762878417969,78.11216735839844
2023-10-06,37.12608337402344,65.016845703125,39.507930755615234,31.76120376586914,97.14974975585938,82.73429870605469,62.29773712158203,30.803287506103516,26.536212921142578,124.69241333007812,78.66069793701172
2023-10-09,37.1736946105957,65.71646881103516,40.82593536376953,31.780426025390625,98.67283630371094,83.16217803955078,62.35380935668945,31.207143783569336,26.8004150390625,125.12401580810547,78.74396514892578
2023-10-10,37.56880569458008,66.09541320800781,40.87662887573242,32.011138916015625,99.27050018310547,83.29007720947266,62.989200592041016,31.317283630371094,27.166593551635742,125.71863555908203,79.60594177246094
2023-10-11,37.65925216674805,66.69788360595703,40.35126876831055,32.0592041015625,99.8681640625,84.06221771240234,62.55938720703125,31.950607299804688,27.606929779052734,125.16239166259766,79.89000701904297
2023-10-12,37.097530364990234,65.91082000732422,40.39735794067383,31.857328414916992,98.96202850341797,84.14090728759766,61.87725067138672,31.52838897705078,27.180496215820312,124.08818817138672,79.01822662353516
2023-10-13,36.95948028564453,65.17231750488281,41.286773681640625,31.92461585998535,98.08479309082031,82.93595123291016,62.419227600097656,31.51922035217285,27.48641586303711,124.86506652832031,77.85748291015625
2023-10-16,37.32126998901367,66.22175598144531,41.563289642333984,32.26107406616211,99.12590789794922,83.73270416259766,63.0639762878418,31.840471267700195,27.769163131713867,125.80498504638672,79.1161880493164
2023-10-17,37.68781661987305,66.45497131347656,41.99646759033203,32.414878845214844,99.43437957763672,83.34416961669922,63.334957122802734,31.675247192382812,27.694997787475586,125.63233947753906,79.30228424072266
2023-10-18,36.711936950683594,65.308349609375,42.37897491455078,31.857328414916992,97.03406524658203,82.48839569091797,63.568546295166016,30.977678298950195,27.45397186279297,124.53897857666016,77.4411849975586
2023-10-19,36.28351593017578,65.2403335571289,42.305240631103516,31.434362411499023,96.1375732421875,82.01625061035156,63.10134506225586,30.215856552124023,27.180496215820312,123.31132507324219,75.46255493164062
2023-10-20,35.84555435180664,64.63786315917969,41.595550537109375,30.95371437072754,95.1446533203125,80.62930297851562,62.858402252197266,30.059823989868164,26.89775276184082,122.82217407226562,74.2920150756836
2023-10-23,35.445682525634766,64.97797393798828,40.9227180480957,30.76145362854004,94.70123291015625,80.7227554321289,62.73691177368164,29.80282211303711,26.670629501342773,122.05490112304688,74.38018035888672
2023-10-24,35.864593505859375,65.7456283569336,40.34666442871094,30.972942352294922,95.41458129882812,81.27851104736328,63.2695426940918,30.17914390563965,27.35663604736328,122.42893981933594,75.17359924316406
2023-10-25,35.445682525634766,62.89852523803711,40.272926330566406,30.857582092285156,94.1903305053711,80.31945037841797,63.48445510864258,29.545822143554688,27.509592056274414,121.3355712890625,73.65532684326172
2023-10-26,35.6932258605957,61.528419494628906,39.959556579589844,30.7902889251709,93.79510498046875,78.78498077392578,63.073307037353516,30.169967651367188,27.745986938476562,120.13668823242188,72.5043716430664
2023-10-27,35.6789436340332,61.304927825927734,39.00100326538086,30.23274040222168,92.96607208251953,79.24236297607422,62.213645935058594,29.692676544189453,27.22221565246582,118.1034164428711,73.26351928710938
2023-10-30,36.04549789428711,62.56814193725586,39.130043029785156,30.771066665649414,94.12285614013672,80.09322357177734,63.185447692871094,29.784469604492188,27.43079376220703,118.76519775390625,73.93449401855469
2023-10-31,36.207340240478516,62.8888053894043,39.25908279418945,31.107521057128906,94.81690979003906,80.66373443603516,63.409698486328125,30.381072998046875,27.667186737060547,119.4461441040039,74.49282836914062
2023-11-01,36.22637939453125,63.81193161010742,39.16690444946289,31.309396743774414,95.12539672851562,82.22279357910156,63.344295501708984,30.537105560302734,27.982378005981445,119.69551849365234,75.41356658935547
2023-11-02,36.92615509033203,64.65731811523438,40.35126876831055,32.049591064453125,97.0822525024414,83.61465454101562,64.16658782958984,31.482500076293945,28.506147384643555,121.59452819824219,77.3824234008789
2023-11-03,37.50691604614258,65.6484375,39.94573211669922,32.47256088256836,97.94020080566406,84.47535705566406,64.2413330078125,32.22597122192383,28.673015594482422,122.19876098632812,78.46968841552734
2023-11-06,37.32126998901367,65.4735336303711,39.494102478027344,32.37643051147461,97.67993927001953,85.03112030029297,64.3441390991211,31.78539276123047,28.59885025024414,123.01399230957031,78.56764221191406
2023-11-07,36.59769058227539,65.8233642578125,38.61851119995117,32.32836151123047,97.43892669677734,85.96065521240234,64.50298309326172,31.51922035217285,28.390268325805664,123.10031127929688,79.4443130493164
2023-11-08,36.711936950683594,65.51241302490234,38.13462448120117,32.36681365966797,97.66065979003906,86.44757080078125,64.25067901611328,31.702789306640625,28.18168830871582,122.92766571044922,79.23373413085938
2023-11-09,36.39775466918945,65.49298095703125,38.01941680908203,32.23223114013672,97.44857788085938,86.04425811767578,63.989036560058594,31.216320037841797,27.810876846313477,120.38607025146484,77.75463104248047
2023-11-10,36.82618713378906,66.53271484375,38.438777923583984,32.59752655029297,98.85598754882812,88.29190063476562,64.43755340576172,31.565107345581055,27.959199905395508,121.10537719726562,79.04761505126953
2023-11-13,36.773826599121094,66.3869400024414,38.71528244018555,32.54945755004883,98.94274139404297,87.77547454833984,64.64315032958984,31.298933029174805,27.625469207763672,121.80553436279297,79.38555145263672
2023-11-14,37.85919189453125,67.46554565429688,39.060916900634766,33.16469192504883,100.92853546142578,89.53128814697266,65.30657958984375,32.9877815246582,28.7286376953125,122.63035583496094,82.05965423583984
2023-11-15,38.02579879760742,67.79590606689453,38.9871826171875,33.34733200073242,101.14060974121094,89.64440155029297,65.82984161376953,33.061222076416016,28.64056968688965,122.72628021240234,82.15760040283203
2023-11-16,38.14004898071289,68.09716033935547,38.22679901123047,33.4819221496582,101.15990447998047,90.09194946289062,65.01689910888672,33.05203628540039,28.793527603149414,123.25377655029297,81.31522369384766
2023-11-17,38.211448669433594,68.08743286132812,39.02865982055664,33.654945373535156,101.80577087402344,89.90507507324219,64.93279266357422,33.015323638916016,28.872325897216797,123.00440979003906,81.85884094238281
2023-11-20,38.27810287475586,68.85508728027344,39.083961486816406,33.78953552246094,102.11422729492188,91.20838928222656,64.88609313964844,33.2723274230957,28.784255981445312,123.75249481201172,82.28003692626953
2023-11-21,38.4256706237793,68.62187957763672,38.99639892578125,33.77030944824219,102.03711700439453,90.47065734863281,65.08231353759766,33.10710906982422,28.844514846801758,124.50057220458984,82.06944274902344
2023-11-22,38.449462890625,69.18545532226562,38.97796630859375,33.90489196777344,102.25882720947266,90.87394714355469,65.54952239990234,33.208072662353516,28.98356819152832,125.09521484375,82.3192138671875
2023-11-24,38.6160888671875,68.9522476196289,39.139259338378906,34.01063537597656,102.50946044921875,90.69690704345703,65.79247283935547,33.33657455444336,29.057729721069336,125.7666244506836,82.39759063720703
2023-11-27,38.568485260009766,68.52469635009766,39.00100326538086,33.8952751159668,101.93107604980469,90.69198608398438,65.6055908203125,33.45589828491211,29.104084014892578,124.98013305664062,82.52982330322266
2023-11-28,38.644649505615234,68.68989562988281,39.01021957397461,33.88566589355469,101.69007873535156,90.86412048339844,65.90460968017578,33.639469146728516,29.196788787841797,124.33753967285156,83.0048828125
2023-11-29,38.84458541870117,68.19432067871094,38.71989440917969,34.1259880065918,102.07568359375,90.93296813964844,65.37199401855469,33.8964729309082,28.965028762817383,124.37592315673828,82.77960205078125
2023-11-30,39.23017501831055,67.79590606689453,38.97796630859375,34.5105094909668,103.19389343261719,91.06576538085938,66.02608489990234,34.17182540893555,29.09017562866211,125.93924713134766,82.66205596923828
2023-12-01,39.677642822265625,67.93196105957031,39.18073654174805,34.770050048828125,104.82301330566406,91.27233123779297,66.29706573486328,34.887752532958984,29.447084426879883,126.43797302246094,83.79341125488281
2023-12-04,39.21588897705078,67.25177001953125,39.00100326538086,34.731597900390625,104.99652862548828,90.16082763671875,66.38116455078125,35.08050537109375,29.331201553344727,126.67774963378906,83.47505187988281
2023-12-05,38.67796325683594,66.94081115722656,38.3189582824707,34.558570861816406,104.1482162475586,90.70182037353516,65.85787963867188,34.93364715576172,29.12262535095215,126.51469421386719,83.62199401855469
2023-12-06,38.59703826904297,66.76591491699219,37.747520446777344,34.385536193847656,104.6109390258789,89.93457794189453,65.68968200683594,34.81432342529297,29.511978149414062,126.61060333251953,83.74443817138672
2023-12-07,38.858863830566406,68.16517639160156,37.48944854736328,34.548954010009766,104.70734405517578,91.02643585205078,65.97001647949219,34.86021041870117,29.447084426879883,126.45716857910156,84.43498229980469
2023-12-08,39.00167465209961,68.48583984375,37.894996643066406,34.731597900390625,105.03507995605469,91.80351257324219,65.51215362548828,34.78678512573242,29.39145851135254,126.66815185546875,84.82190704345703
2023-12-11,39.277774810791016,67.96112823486328,37.941070556640625,34.943084716796875,106.03762817382812,92.60516357421875,66.1382064819336,34.90610885620117,29.58150291442871,127.50259399414062,85.04719543457031
2023-12-12,39.50627517700195,68.24291229248047,37.420318603515625,35.19302749633789,106.51962280273438,93.2199478149414,66.35311889648438,34.89693069458008,29.46098518371582,128.0492401123047,85.31168365478516
2023-12-13,39.9870719909668,68.88422393798828,37.941070556640625,35.76019287109375,107.70530700683594,94.04129791259766,67.55853271484375,36.16358184814453,30.573421478271484,130.4086456298828,86.4283218383789
2023-12-14,40.64876174926758,69.18545532226562,39.05630874633789,36.11587142944336,109.09343719482422,93.81014251708984,66.56803894042969,37.16403579711914,30.174800872802734,129.77565002441406,87.58905792236328
2023-12-15,40.544036865234375,69.01055145263672,38.84893035888672,35.904380798339844,108.9488296508789,94.28228759765625,66.56803894042969,36.714290618896484,29.651033401489258,128.67266845703125,87.77027130126953
2023-12-18,40.60683822631836,69.8619155883789,39.1662483215332,36.02417755126953,108.94400787353516,94.5642318725586,67.26099395751953,36.613182067871094,29.584123611450195,128.88270568847656,88.31488800048828
2023-12-19,40.9807243347168,70.572998046875,39.636165618896484,36.294673919677734,109.78723907470703,94.9240493774414,67.39279174804688,36.863643646240234,29.752561569213867,129.749755859375,89.00667572021484
2023-12-20,40.35276412963867,70.02749633789062,39.26860046386719,35.64741516113281,108.01349639892578,93.48970031738281,66.0841064453125,36.39982223510742,29.14899253845215,127.87113952636719,87.38268280029297
2023-12-21,40.77939987182617,70.71910095214844,39.42213821411133,35.99519729614258,109.1281509399414,94.53958129882812,66.54544067382812,36.705936431884766,29.200458526611328,129.4318389892578,88.71229553222656
2023-12-22,41.03346252441406,70.72885131835938,39.538455963134766,36.072479248046875,109.65154266357422,94.6628189086914,67.0538558959961,36.854366302490234,29.29871368408203,130.07733154296875,88.05975341796875
2023-12-26,41.2252082824707,71.00159454345703,39.87809371948242,36.217384338378906,110.42694854736328,95.05714416503906,67.33631134033203,37.12336349487305,29.476512908935547,130.3663330078125,88.4326400756836
2023-12-27,41.32587432861328,71.01134490966797,39.701297760009766,36.33331298828125,110.59171295166016,95.05220031738281,67.64700317382812,37.33672332763672,29.457794189453125,130.9154510498047,88.7368392944336
2023-12-28,41.16768264770508,71.20614624023438,39.09644317626953,36.43958282470703,110.62079620361328,95.16557312011719,67.67524719238281,37.56863021850586,29.668338775634766,131.2526397705078,88.275634765625
2023-12-29,41.004703521728516,70.7775650024414,39.00804901123047,36.323646545410156,110.48509216308594,94.874755859375,67.81647491455078,37.16047286987305,29.630910873413086,131.3875274658203,87.73102569580078
2024-01-02,40.932796478271484,70.37818145751953,39.426788330078125,36.47822570800781,109.3704605102539,92.39051055908203,68.57908630371094,37.50368881225586,30.06136131286621,133.69964599609375,86.91657257080078
2024-01-03,40.491783142089844,70.11516571044922,40.0688591003418,36.16908645629883,107.74212646484375,91.44905853271484,68.04244232177734,36.613182067871094,30.17365264892578,133.4780731201172,85.16008758544922
2024-01-04,40.36235809326172,69.88139343261719,39.366310119628906,36.31399154663086,107.87779998779297,90.77869415283203,67.94828033447266,36.52041244506836,30.080076217651367,134.14283752441406,84.56150817871094
2024-01-05,40.429466247558594,70.17361450195312,39.39887237548828,36.46856689453125,108.00381469726562,90.75404357910156,67.79764556884766,36.446205139160156,30.19236946105957,134.0272216796875,84.69398498535156
2024-01-08,40.60203552246094,71.26461029052734,38.942901611328125,36.700416564941406,108.71138000488281,93.03128814697266,68.29664611816406,36.94711685180664,30.412273406982422,135.21218872070312,86.1364517211914
2024-01-09,40.137054443359375,71.1185073852539,38.3194580078125,36.46856689453125,108.37213134765625,93.17915344238281,68.47551727294922,36.68738555908203,30.164295196533203,135.19293212890625,85.81755065917969
2024-01-10,40.084320068359375,71.78087615966797,37.942588806152344,36.52652359008789,108.92461395263672,93.97272491455078,68.33429718017578,36.7430419921875,30.159618377685547,135.8094940185547,86.50443267822266
2024-01-11,39.96448516845703,71.54708862304688,38.04029846191406,36.391273498535156,108.67259979248047,94.45085906982422,68.32488250732422,36.39982223510742,29.457794189453125,135.713134765625,86.39158630371094
2024-01-12,40.00282669067383,71.89775848388672,38.46833801269531,36.323646545410156,108.66290283203125,94.75647735595703,68.54142761230469,36.67810821533203,29.62623405456543,135.3759765625,85.3514404296875
2024-01-16,39.54264450073242,71.4886474609375,37.551761627197266,36.072479248046875,107.5676498413086,94.99305725097656,68.16483306884766,36.455482482910156,29.303394317626953,134.5666961669922,85.25330352783203
2024-01-17,39.25503158569336,71.05029296875,37.24003219604492,36.00485610961914,106.84070587158203,94.5248031616211,68.11774444580078,35.787601470947266,28.877622604370117,134.29698181152344,84.5075454711914
2024-01-18,39.379661560058594,71.91724395751953,37.17954635620117,36.06281661987305,108.28490447998047,96.44220733642578,68.03301239013672,35.555686950683594,28.568822860717773,134.2777099609375,84.98835754394531
2024-01-19,39.41801452636719,72.89132690429688,37.300514221191406,36.6424446105957,108.99246215820312,98.66522979736328,67.83531188964844,35.8989143371582,28.531391143798828,134.3547821044922,85.80772399902344
2024-01-22,39.533050537109375,73.03744506835938,37.440101623535156,36.81633377075195,109.83570098876953,99.09898376464844,67.50576782226562,36.06588363647461,28.3863468170166,134.94244384765625,85.429931640625
2024-01-23,39.6624870300293,73.75828552246094,37.51919174194336,36.874305725097656,109.74847412109375,99.49822998046875,68.24014282226562,35.8710823059082,28.43781089782715,134.8461151123047,85.22386932373047
2024-01-24,39.1255989074707,74.21610260009766,38.05424880981445,37.01920700073242,109.06999206542969,100.18336486816406,67.40220642089844,35.37944030761719,28.049470901489258,133.61294555664062,84.90003967285156
2024-01-25,39.537845611572266,75.42398071289062,38.910343170166016,37.202762603759766,110.11678314208984,100.60234832763672,68.05184173583984,35.86180877685547,28.554784774780273,133.41062927246094,83.8500747680664
2024-01-26,39.55223083496094,75.66751098632812,39.19880294799805,37.3380126953125,109.94232177734375,99.44400787353516,68.3813705444336,35.70410919189453,28.639001846313477,134.17173767089844,84.23277282714844
2024-01-29,39.74877166748047,76.3006591796875,39.142974853515625,37.43461608886719,110.6595687866211,100.35588836669922,68.77680969238281,35.96384811401367,28.821474075317383,135.11582946777344,85.46428680419922
2024-01-30,39.930931091308594,75.78437805175781,39.547760009765625,37.90797805786133,110.69833374023438,99.5278091430664,69.16282653808594,35.62989807128906,28.81212043762207,135.42413330078125,85.41521453857422
2024-01-31,39.408424377441406,73.91413116455078,38.8079833984375,37.44427490234375,109.4189224243164,97.43788146972656,68.65441131591797,35.37016296386719,28.751293182373047,135.2410888671875,83.85987854003906
2024-02-01,40.06515121459961,74.67393493652344,38.8033332824707,37.502235412597656,111.2798843383789,98.66522979736328,70.05725860595703,35.99167251586914,29.29871368408203,136.99447631835938,85.4740982055664
2024-02-02,39.830265045166016,77.67412567138672,38.85915756225586,37.65681457519531,112.02620697021484,99.68553924560547,69.83129119873047,35.53713607788086,28.770008087158203,136.79212951660156,86.9999771118164
2024-02-05,38.818809509277344,76.58314514160156,38.76145935058594,37.43461608886719,111.41558837890625,99.91226196289062,69.39818572998047,34.8321418762207,28.17112159729004,137.2160186767578,85.77339172363281
2024-02-06,39.504295349121094,76.349365234375,38.88707733154297,37.51190185546875,112.41393280029297,99.4538803100586,69.55824279785156,35.36089324951172,28.274057388305664,138.70928955078125,86.29346466064453
2024-02-07,39.82067108154297,76.73899841308594,38.96617889404297,37.792049407958984,113.16024017333984,100.7699203491211,69.49234771728516,35.34233474731445,28.29277229309082,139.0850067138672,87.26001739501953
2024-02-08,39.7679443359375,77.03123474121094,39.366310119628906,37.64714813232422,113.17962646484375,101.08538818359375,69.47351837158203,35.53713607788086,28.091583251953125,138.8441925048828,87.64271545410156
2024-02-09,39.85423278808594,77.11888885498047,38.76145935058594,37.75341033935547,113.35408782958984,102.44581604003906,68.83331298828125,35.62989807128906,28.19919776916504,138.73822021484375,88.26582336425781
2024-02-12,40.17061233520508,77.36241149902344,39.18950271606445,37.927303314208984,113.51887512207031,101.6670150756836,69.3228759765625,35.51858901977539,28.52671241760254,138.92124938964844,88.19223022460938
2024-02-13,39.60496520996094,76.27144622802734,38.79402542114258,37.4152946472168,112.35575866699219,99.94185638427734,68.57908630371094,34.8692512512207,28.05415153503418,137.6302947998047,86.43574523925781
2024-02-14,39.8590202331543,77.48905181884766,38.756805419921875,37.77273178100586,114.23612213134766,100.98681640625,68.44727325439453,35.101158142089844,28.20855140686035,138.82492065429688,87.34832763671875
2024-02-15,40.61162567138672,78.12220764160156,39.83623123168945,38.419986724853516,115.08904266357422,100.77484893798828,68.8897705078125,35.94528579711914,28.681110382080078,139.8364715576172,88.3590316772461
2024-02-16,40.82733917236328,76.90457153320312,39.81296157836914,38.28474044799805,114.40087890625,99.84819793701172,68.99335479736328,35.57423782348633,28.648357391357422,140.28924560546875,87.83406066894531
2024-02-20,40.74104309082031,76.78771209716797,39.450050354003906,38.17847442626953,114.0422592163086,98.83280181884766,69.71829986572266,35.51858901977539,28.6296443939209,139.8172149658203,87.0048828125
2024-02-21,40.966346740722656,76.70003509521484,40.1898307800293,38.29440689086914,114.49779510498047,98.21173095703125,69.97251892089844,35.778316497802734,29.008630752563477,140.12547302246094,87.64762878417969
2024-02-22,41.378604888916016,77.8494644165039,40.25962448120117,38.73878860473633,115.91291046142578,101.42549896240234,70.1890640258789,35.8710823059082,28.78404426574707,141.7729034423828,89.35012817382812
2024-02-23,41.62307357788086,77.6546401977539,39.99441909790039,38.9319953918457,116.52355194091797,101.18891906738281,70.40560150146484,35.91746139526367,28.98990821838379,142.44725036621094,88.94780731201172
2024-02-26,41.37381362915039,76.52469635009766,40.133995056152344,38.73878860473633,116.34906768798828,101.28748321533203,70.12315368652344,35.509315490722656,28.419099807739258,141.715087890625,89.22256469726562
2024-02-27,41.52720642089844,77.14811706542969,39.96185302734375,38.84505081176758,116.52355194091797,101.3761978149414,70.13256072998047,35.53713607788086,28.95716094970703,141.36827087402344,89.5169448852539
2024-02-28,41.65663528442383,76.62212371826172,39.88275146484375,38.989959716796875,116.92092895507812,100.89808654785156,70.20787811279297,35.99167251586914,29.046058654785156,140.6649932861328,89.87022399902344
2024-02-29,41.9730110168457,77.3039779663086,40.078163146972656,38.97064208984375,117.2795639038086,102.02191162109375,70.09490203857422,36.27923583984375,29.055416107177734,139.51856994628906,90.47860717773438
2024-03-01,42.164756774902344,77.9468765258789,40.543434143066406,38.922340393066406,117.7835693359375,103.88509368896484,70.10432434082031,36.67810821533203,28.877622604370117,140.98292541503906,90.77788543701172
2024-03-04,42.47154998779297,76.924072265625,40.110740661621094,39.01893997192383,118.21004486083984,103.88509368896484,70.16081237792969,37.095542907714844,29.36421775817871,140.77098083496094,89.5512924194336
2024-03-05,42.246246337890625,76.3006591796875,40.40850830078125,39.02860641479492,117.24079132080078,101.33184814453125,70.33029174804688,36.62245559692383,29.28000259399414,139.72085571289062,88.43755340576172
2024-03-06,42.55783462524414,76.4078140258789,40.53413391113281,39.231475830078125,117.85142517089844,102.13529205322266,70.92342376708984,36.82653045654297,29.56072998046875,140.67462158203125,88.12354278564453
2024-03-07,43.08034133911133,77.6448974609375,40.8784294128418,39.17350769042969,118.8012924194336,103.74710845947266,71.32827758789062,36.82653045654297,29.752561569213867,141.32972717285156,88.79570770263672
2024-03-08,42.83107376098633,77.52801513671875,41.02265167236328,39.24113845825195,118.53959655761719,102.20429992675781,70.76338195800781,37.26251220703125,29.827423095703125,141.06961059570312,88.46697998046875
2024-03-11,43.31523132324219,77.38191223144531,41.44605255126953,39.30875778198242,117.92896270751953,101.92332458496094,71.14939880371094,37.076988220214844,29.977140426635742,140.99253845214844,88.2265853881836
2024-03-12,43.3104362487793,78.06376647949219,41.38092041015625,39.47298812866211,118.45236206054688,104.01325988769531,71.5165786743164,36.984222412109375,29.687057495117188,141.64764404296875,88.987060546875
2024-03-13,43.73706817626953,78.20013427734375,42.041595458984375,39.7628059387207,118.77220916748047,102.88943481445312,71.6954574584961,36.752323150634766,29.888242721557617,141.09852600097656,88.80061340332031
2024-03-14,43.506980895996094,78.01506042480469,42.47429275512695,39.44401550292969,118.26819610595703,102.90914154052734,71.13997650146484,36.232852935791016,29.649625778198242,140.59754943847656,88.23638153076172
2024-03-15,43.526153564453125,77.23578643798828,42.59991455078125,39.40536880493164,118.28760528564453,101.35648345947266,71.11173248291016,36.21430587768555,29.691736221313477,140.0387725830078,87.358154296875
2024-03-18,43.60552978515625,78.8219985961914,42.7471923828125,39.63130187988281,118.49758911132812,101.85466766357422,71.5688705444336,36.208702087402344,29.828540802001953,140.02236938476562,88.02538299560547
2024-03-19,43.61034393310547,78.79269409179688,43.234981536865234,39.82524490356445,119.51846313476562,102.38294982910156,71.83443450927734,36.208702087402344,30.09272003173828,140.9505615234375,88.78753662109375
2024-03-20,44.04813003540039,79.7205810546875,43.174007415771484,40.30039596557617,120.95738220214844,103.52836608886719,72.05258178710938,36.35812759399414,30.130456924438477,140.6314697265625,90.1102294921875
2024-03-21,44.23094177246094,79.7499008178711,43.43197250366211,40.63009262084961,122.15324401855469,103.60242462158203,72.09050750732422,36.49821853637695,30.08328628540039,140.81521606445312,90.6363525390625
2024-03-22,43.956729888916016,79.91593170166016,43.33816909790039,40.164634704589844,121.73518371582031,103.63699340820312,71.73959350585938,36.068607330322266,30.125741958618164,140.62181091308594,89.84471130371094
2024-03-25,43.97114944458008,79.6424560546875,43.74153137207031,40.009483337402344,120.94764709472656,102.95072174072266,71.54041290283203,35.92851638793945,30.26726722717285,140.42845153808594,89.5496826171875
2024-03-26,43.93748092651367,79.47640991210938,43.40382385253906,40.145240783691406,120.51013946533203,102.52611541748047,71.578369140625,35.779083251953125,29.922889709472656,140.94090270996094,89.66278076171875
2024-03-27,44.56769943237305,79.88663482666016,43.807193756103516,40.620391845703125,122.4449234008789,103.0494613647461,72.32762908935547,36.68500518798828,30.757883071899414,142.81658935546875,90.70027923583984
2024-03-28,44.68796920776367,79.75965881347656,44.280914306640625,40.843421936035156,122.46436309814453,102.82728576660156,72.42247772216797,36.91848373413086,30.970165252685547,142.8359375,90.42000579833984
2024-04-01,44.582130432128906,80.37499237060547,44.60923385620117,40.620391845703125,121.52127838134766,103.11363983154297,71.84392547607422,36.27406692504883,30.78146743774414,141.6177215576172,89.7463607788086
2024-04-02,44.4185676574707,80.2480239868164,45.2330436706543,40.40705871582031,120.95738220214844,102.12126922607422,71.47403717041016,35.87247848510742,30.833364486694336,139.41322326660156,88.42367553710938
2024-04-03,44.683162689208984,80.88288116455078,45.5425910949707,40.387664794921875,121.57962036132812,102.392822265625,70.68683624267578,35.89116287231445,30.71070671081543,139.25852966308594,88.48760223388672
2024-04-04,44.23094177246094,79.78897094726562,45.51445388793945,39.93191146850586,120.51013946533203,100.77340698242188,70.38334655761719,35.6109733581543,30.649381637573242,137.24742126464844,87.45008850097656
2024-04-05,44.6302375793457,80.59965515136719,46.00223922729492,40.310081481933594,122.18241882324219,101.92870330810547,70.49714660644531,35.844459533691406,30.739013671875,138.47535705566406,87.93688201904297
2024-04-08,44.663917541503906,80.60940551757812,45.71144485473633,40.48463821411133,121.968505859375,101.81021881103516,70.392822265625,36.15265655517578,30.94186019897461,138.0305938720703,88.77277374267578
2024-04-09,44.76974868774414,80.69731903076172,45.72551727294922,40.25190353393555,121.68656921386719,102.3237075805664,70.73426055908203,36.61029052734375,31.1116886138916,138.52369689941406,89.19073486328125
2024-04-10,44.07218933105469,80.06243896484375,45.86622619628906,39.650699615478516,120.6462631225586,101.06963348388672,70.47817993164062,35.106651306152344,30.578617095947266,136.89935302734375,87.81394958496094
2024-04-11,44.038509368896484,80.76568603515625,45.83338928222656,39.369483947753906,120.7823715209961,103.08895874023438,70.30746459960938,35.144012451171875,30.517292022705078,136.33856201171875,88.52200317382812
2024-04-12,43.25914764404297,79.43733215332031,45.087642669677734,38.845855712890625,119.48929595947266,101.42018127441406,69.59613037109375,34.77977752685547,30.2861328125,134.30813598632812,87.08623504638672
2024-04-15,43.05228042602539,78.43130493164062,44.6655158996582,38.651912689208984,118.63371276855469,99.49467468261719,69.31160736083984,34.17271041870117,30.00780487060547,134.0373992919922,85.63570404052734
2024-04-16,42.720333099365234,78.16758728027344,44.27621841430664,38.390098571777344,118.36146545410156,99.6131591796875,69.34005737304688,33.64971160888672,29.611539840698242,134.08575439453125,85.1489028930664
2024-04-17,42.816551208496094,78.09921264648438,44.14958572387695,38.487064361572266,117.74896240234375,98.17643737792969,69.59613037109375,33.36953353881836,30.22952651977539,133.85369873046875,84.73587799072266
2024-04-18,42.83098220825195,78.4801254272461,44.01356506347656,38.622825622558594,117.34062957763672,97.0556869506836,69.9186019897461,33.378875732421875,30.39935874938965,133.8440399169922,84.20972442626953
2024-04-19,42.797306060791016,77.62062072753906,44.54357147216797,39.15615463256836,117.12672424316406,95.05612182617188,70.60147857666016,33.50962448120117,30.86638641357422,134.34681701660156,83.47218322753906
2024-04-22,42.840606689453125,77.72806549072266,44.83436965942383,39.63130187988281,118.01145935058594,95.90532684326172,71.27485656738281,33.780460357666016,31.149429321289062,134.8592529296875,83.84095764160156
2024-04-23,42.47016906738281,78.90990447998047,45.082950592041016,39.883426666259766,119.6545639038086,97.32723236083984,71.47403717041016,34.088661193847656,31.295673370361328,136.6189727783203,84.83912658691406
2024-04-24,42.4990348815918,78.95872497558594,45.11578369140625,39.87372589111328,118.7017593383789,97.77157592773438,72.01464080810547,34.21941375732422,31.484371185302734,136.19354248046875,85.65044403076172
2024-04-25,42.802120208740234,76.14575958251953,45.3221549987793,39.64099884033203,119.06150817871094,97.55928802490234,71.84392547607422,34.02328872680664,31.569284439086914,135.28466796875,85.72419738769531
2024-04-26,43.06671142578125,78.24571990966797,44.90471649169922,39.582820892333984,119.25594329833984,98.66029357910156,71.69216918945312,34.051300048828125,31.22491455078125,135.32334899902344,86.49617767333984
2024-04-29,43.42752456665039,77.33736419677734,45.2095832824707,39.524635314941406,120.05318450927734,99.08488464355469,71.91980743408203,34.43421173095703,31.64948272705078,135.7777862548828,88.50726318359375
2024-04-30,42.638545989990234,76.04808044433594,43.86347961425781,39.13676071166992,118.14756774902344,96.90263366699219,71.60681915283203,33.79914093017578,31.484371185302734,135.6810760498047,86.35358428955078
2024-05-01,42.85984802246094,76.75133514404297,43.16462707519531,39.13676071166992,117.85591125488281,95.9102554321289,71.15156555175781,33.81781768798828,31.847614288330078,135.92282104492188,85.81270599365234
2024-05-02,42.638545989990234,77.52295684814453,43.413211822509766,39.23373031616211,118.53646850585938,97.29267883300781,71.74907684326172,34.303466796875,32.01744842529297,135.8261260986328,86.89446258544922
2024-05-03,43.07152557373047,78.34341430664062,43.417903900146484,39.32099914550781,119.3628921508789,100.00320434570312,71.96721649169922,34.574310302734375,32.272193908691406,136.16453552246094,87.47959899902344
2024-05-06,43.33130645751953,79.40803527832031,43.760292053222656,39.82524490356445,120.5684814453125,101.1782455444336,72.0051498413086,34.58364486694336,32.43730163574219,136.7156524658203,88.41383361816406
2024-05-07,43.846073150634766,79.49594116210938,43.718074798583984,39.96099853515625,120.89903259277344,100.84745025634766,72.7923583984375,34.947879791259766,32.80526351928711,137.84689331054688,87.779541015625
2024-05-08,43.644012451171875,79.36895751953125,43.666481018066406,40.10645294189453,120.89903259277344,101.13381958007812,72.57421875,34.621002197265625,33.14963150024414,137.37310791015625,87.45008850097656
2024-05-09,44.129913330078125,79.76941680908203,44.252769470214844,40.40705871582031,122.1046371459961,101.10419464111328,73.20018768310547,35.44287109375,33.6544075012207,138.55270385742188,88.04505920410156
2024-05-10,44.18283462524414,79.88663482666016,44.00887680053711,40.56221008300781,122.19213104248047,101.47943115234375,73.61750793457031,35.31211471557617,33.62137985229492,138.8330841064453,87.5730209350586
2024-05-13,44.153968811035156,79.74012756347656,43.89161682128906,40.397361755371094,121.67684173583984,101.95833587646484,73.40884399414062,35.40550994873047,33.62137985229492,138.69775390625,87.45991516113281
2024-05-14,44.197261810302734,80.10151672363281,43.947898864746094,40.600990295410156,121.64767456054688,102.86184692382812,73.2665786743164,35.65767288208008,33.71101760864258,139.2875213623047,87.85821533203125
2024-05-15,44.27423858642578,80.60940551757812,44.04640197753906,40.9015998840332,122.4449234008789,105.17739868164062,73.31400299072266,36.264732360839844,34.215782165527344,141.3566436767578,87.99095153808594
2024-05-16,43.956729888916016,80.55079650878906,43.9244499206543,40.9015998840332,121.71574401855469,104.8120346069336,74.3572769165039,36.1993522644043,34.09784698486328,141.19224548339844,87.42058563232422
2024-05-17,44.331966400146484,80.68754577636719,44.53887939453125,41.20220184326172,121.85185241699219,104.58000183105469,74.17708587646484,36.1993522644043,34.126155853271484,141.4630126953125,87.8680419921875
2024-05-20,44.39451217651367,80.92195129394531,44.248085021972656,40.63978958129883,122.08518981933594,105.80936431884766,73.6649169921875,35.97521209716797,34.06954574584961,141.16323852539062,87.21408081054688
2024-05-21,44.39451217651367,80.81450653076172,44.032325744628906,40.9015998840332,121.68656921386719,105.98216247558594,74.1011962890625,35.94719696044922,34.376182556152344,141.40496826171875,87.77461242675781
2024-05-22,43.9615364074707,80.91219329833984,43.18807601928711,40.66887283325195,121.83238983154297,106.21914672851562,73.80717468261719,35.638999938964844,33.970481872558594,141.65635681152344,86.86004638671875
2024-05-23,43.57185363769531,79.99407958984375,42.79409408569336,40.10645294189453,120.39348602294922,105.35513305664062,72.93461608886719,34.88249969482422,33.39495086669922,140.109375,85.4537582397461
2024-05-24,43.95191955566406,81.01962280273438,42.85506820678711,40.348873138427734,121.00598907470703,106.24384307861328,73.1242904663086,34.88249969482422,33.729888916015625,139.63560485839844,86.31423950195312
2024-05-28,43.78352737426758,81.1563720703125,43.29594802856445,39.90281677246094,119.52818298339844,106.693115234375,72.55525207519531,34.677040100097656,33.69686508178711,137.94358825683594,86.10282897949219
2024-05-29,43.158119201660156,80.72662353515625,42.53144073486328,39.582820892333984,117.83645629882812,106.0167236328125,72.03361511230469,34.35015869140625,33.262855529785156,136.870361328125,85.537353515625
2024-05-30,43.509315490722656,80.462890625,42.653385162353516,39.79615020751953,118.64344024658203,103.59748840332031,72.22329711914062,34.84514617919922,33.71101760864258,136.9380340576172,86.0438003540039
2024-05-31,44.03369903564453,81.32241821289062,43.7133903503418,40.377967834472656,120.08235931396484,103.76040649414062,73.35192108154297,35.536258697509766,34.305423736572266,138.939453125,86.52568054199219
2024-06-03,43.77390670776367,81.64472961425781,42.56896209716797,40.12584686279297,118.6142578125,104.0220947265625,73.32347869873047,35.39617156982422,33.91386795043945,139.91603088378906,86.48634338378906
2024-06-04,43.28801345825195,81.95729064941406,42.16090774536133,39.94160079956055,118.32258605957031,104.23932647705078,73.95894622802734,35.73238754272461,33.899715423583984,140.3220672607422,86.5748519897461
2024-06-05,43.5862922668457,82.95355987548828,42.15621566772461,40.05796813964844,119.51846313476562,106.55488586425781,73.79769897460938,35.685691833496094,33.706298828125,140.96022033691406,87.08131408691406
2024-06-06,43.634395599365234,83.00240325927734,42.37665939331055,40.03857421875,118.80870819091797,106.19940948486328,74.02532958984375,35.741729736328125,33.35720443725586,141.42431640625,87.71562957763672
2024-06-07,43.19660949707031,82.43589782714844,42.20781326293945,40.22281265258789,118.93510437011719,106.44625854492188,73.65542602539062,35.4615478515625,32.993961334228516,141.57899475097656,87.35667419433594
2024-06-10,43.1533088684082,82.64100646972656,42.52674865722656,40.06766128540039,119.3045654296875,106.71780395507812,73.59851837158203,35.638999938964844,33.41853332519531,142.10113525390625,87.63693237304688
2024-06-11,43.13887405395508,82.79727935791016,42.442325592041016,39.61190414428711,118.62398529052734,108.70256805419922,73.56059265136719,35.526920318603516,33.2156867980957,141.51132202148438,87.40582275390625
2024-06-12,43.22065734863281,82.62147521972656,41.987361907958984,39.573123931884766,119.75180053710938,111.10698699951172,72.7544174194336,35.779083251953125,32.998680114746094,141.2115936279297,88.31549835205078
2024-06-13,43.20622634887695,81.90845489501953,41.602760314941406,39.54402542114258,118.98371124267578,111.98582458496094,72.84925842285156,35.9565315246582,33.074153900146484,141.09556579589844,88.38433074951172
2024-06-14,42.80693817138672,82.17218017578125,41.29320526123047,39.41797637939453,117.78785705566406,112.40547180175781,72.98204803466797,35.98454666137695,32.993961334228516,141.0472412109375,87.68611145019531
2024-06-17,43.124446868896484,82.5628662109375,41.40108108520508,39.76706314086914,119.09066009521484,114.10881805419922,73.67440795898438,35.79776382446289,32.63071823120117,140.9021759033203,89.22515106201172
2024-06-18,43.07633590698242,82.07449340820312,41.57462692260742,40.01918029785156,119.73234558105469,114.25198364257812,73.76924896240234,35.93785095214844,32.644866943359375,141.0858917236328,88.92520141601562
2024-06-20,43.11963653564453,82.42613983154297,42.33913803100586,40.232513427734375,119.81012725830078,112.96830749511719,73.60802459716797,35.844459533691406,32.927921295166016,141.54998779296875,89.03829956054688
2024-06-21,43.124446868896484,82.96331787109375,42.095245361328125,40.077362060546875,119.55734252929688,112.77083587646484,73.6649169921875,35.93785095214844,32.73450469970703,141.94642639160156,89.79061889648438
2024-06-24,43.40238952636719,83.24144744873047,43.15666580200195,40.489166259765625,120.06562042236328,110.0060806274414,74.45042419433594,36.1803092956543,33.16487503051758,142.77439880371094,89.4072494506836
2024-06-25,42.85133743286133,84.17179107666016,43.25594711303711,40.18737030029297,119.04125213623047,112.02398681640625,73.97261810302734,35.67086410522461,32.85101318359375,142.32789611816406,89.04753875732422
2024-06-26,42.822330474853516,84.18158721923828,42.8304328918457,39.93424987792969,118.71930694580078,111.8954086303711,73.8197250366211,35.623695373535156,32.713104248046875,141.82315063476562,90.33857727050781
2024-06-27,42.70148849487305,84.66144561767578,42.929725646972656,39.88557434082031,118.84614562988281,111.94982147216797,73.50437927246094,35.9444580078125,32.770172119140625,141.59017944335938,90.89046478271484
2024-06-28,42.68699264526367,83.88780212402344,43.0952033996582,40.021873474121094,118.89491271972656,111.89045715332031,73.17947387695312,36.23691940307617,32.40399169921875,141.47372436523438,89.88029479980469
2024-07-01,42.02960205078125,83.53524780273438,43.11883544921875,40.10948944091797,117.61688995361328,112.73621368408203,72.6634521484375,35.88785171508789,32.180484771728516,140.67774963378906,90.1858139038086
2024-07-02,42.106937408447266,84.2795181274414,43.08573913574219,40.5767822265625,118.26078033447266,113.300048828125,73.16991424560547,36.03879928588867,32.346927642822266,140.16334533691406,91.9400634765625
2024-07-03,42.42113494873047,84.30889892578125,43.274864196777344,40.45022201538086,118.69004821777344,114.82830810546875,73.04570007324219,36.00106430053711,32.541908264160156,139.09561157226562,92.52645111083984
2024-07-05,42.488807678222656,85.94435119628906,42.5987663269043,40.440486907958984,118.26078033447266,115.17948150634766,73.9439468383789,36.13314437866211,32.59897232055664,140.1730499267578,93.28038024902344
2024-07-08,42.6144905090332,85.17069244384766,42.3387336730957,40.33340072631836,118.4071273803711,115.96586608886719,73.82927703857422,36.218048095703125,32.63225555419922,140.0177001953125,93.3247299194336
2024-07-09,42.179447174072266,85.43508911132812,41.9652214050293,40.64493179321289,117.89006042480469,115.87188720703125,73.6381607055664,36.22748565673828,32.72737121582031,140.69720458984375,93.63516235351562
2024-07-10,42.7449951171875,85.9737319946289,42.2489013671875,40.80070114135742,118.94368743896484,117.55348205566406,73.96306610107422,36.482208251953125,33.036476135253906,142.02699279785156,94.33980560302734
2024-07-11,43.32987976074219,84.79854583740234,42.688602447509766,41.1219596862793,120.45587158203125,114.61070251464844,73.68595123291016,37.45393753051758,33.64042282104492,143.02676391601562,93.14239501953125
2024-07-12,43.74559020996094,84.52434539794922,42.797340393066406,41.25825500488281,121.14851379394531,115.63448333740234,74.01084899902344,37.72753143310547,33.88771438598633,143.91978454589844,94.35953521728516
2024-07-15,43.63440704345703,84.82792663574219,43.445068359375,41.86184310913086,122.01679992675781,115.84220886230469,73.58082580566406,37.887908935546875,33.06501388549805,143.41505432128906,94.25113677978516
2024-07-16,44.480316162109375,85.05316925048828,43.638919830322266,42.33887481689453,125.06063079833984,115.45643615722656,74.2879638671875,38.24641418457031,33.32180404663086,145.46311950683594,95.9413070678711
2024-07-17,44.38847732543945,83.77027893066406,44.07389450073242,42.6601448059082,123.4606704711914,110.965576171875,75.24356079101562,38.5860481262207,33.340824127197266,146.12318420410156,94.33980560302734
2024-07-18,43.94860076904297,83.72130584716797,44.154258728027344,42.144168853759766,122.49482727050781,110.97547912597656,74.87086486816406,38.26528549194336,33.31230545043945,142.8035430908203,93.3789291381836
2024-07-19,43.557071685791016,83.34918212890625,43.67201232910156,41.71581268310547,121.82168579101562,109.23948669433594,74.6224136352539,38.21811294555664,33.350337982177734,143.53152465820312,92.54615020751953
2024-07-22,43.70207977294922,83.70172882080078,43.39779281616211,41.949462890625,123.06067657470703,111.826171875,74.67020416259766,38.59547805786133,33.630916595458984,144.35658264160156,93.5661849975586
2024-07-23,43.8760986328125,83.58419799804688,42.70751190185547,42.02734375,122.8265380859375,111.38104248046875,74.40264129638672,38.52943801879883,33.42167282104492,144.2692413330078,93.14733123779297
2024-07-24,43.31537628173828,81.40034484863281,42.71223449707031,41.45296096801758,120.18270874023438,106.77149200439453,74.33573913574219,38.001121520996094,33.79735565185547,145.47283935546875,89.33826446533203
2024-07-25,43.436222076416016,80.46021270751953,43.449798583984375,41.608726501464844,121.14851379394531,105.62899780273438,74.24974060058594,37.7935676574707,33.516780853271484,144.7448272705078,88.98839569091797
2024-07-26,44.14678955078125,81.96834564208984,43.58690643310547,42.26099395751953,123.2167739868164,106.96932220458984,75.00466918945312,38.425662994384766,33.84490966796875,145.56019592285156,89.9837875366211
2024-07-29,44.22412872314453,82.69304656982422,43.213401794433594,42.20258331298828,123.00214385986328,106.49452209472656,75.0333251953125,38.67095184326172,33.99708557128906,145.64756774902344,91.4867172241211
2024-07-30,44.07911682128906,83.02599334716797,43.884765625,42.68934631347656,123.36310577392578,103.81880950927734,74.52685546875,38.9539909362793,34.173038482666016,145.77374267578125,90.97915649414062
2024-07-31,44.538326263427734,84.01510620117188,44.069156646728516,42.58226013183594,124.73868560791016,108.2156753540039,74.3930892944336,38.85963821411133,34.61530685424805,145.23989868164062,92.38848114013672
2024-08-01,44.359474182128906,84.35787200927734,42.9013557434082,41.978668212890625,122.42654418945312,104.17985534667969,75.08111572265625,39.46343231201172,35.23827362060547,146.72499084472656,90.12174987792969
2024-08-02,43.523231506347656,82.98682403564453,41.79501724243164,40.94672393798828,119.73392486572266,101.25188446044922,75.74047088623047,39.49173355102539,35.29533767700195,146.43380737304688,86.80545043945312
2024-08-05,42.55164337158203,80.60710144042969,40.873069763183594,39.75901412963867,117.65592193603516,97.8788070678711,74.24974060058594,38.350189208984375,34.36326217651367,142.5220489501953,84.35147857666016
2024-08-06,42.769168853759766,81.5570297241211,41.123653411865234,40.40154266357422,119.07052612304688,99.2092514038086,74.7657699584961,39.19927215576172,34.65334701538086,143.1820831298828,85.28280639648438
2024-08-07,42.18911361694336,81.12613677978516,41.289127349853516,40.45022201538086,118.49492645263672,97.60184478759766,74.84220886230469,38.9162483215332,34.84832000732422,141.72607421875,83.7946548461914
2024-08-08,42.8416633605957,82.74199676513672,42.177982330322266,41.10248947143555,121.22657012939453,101.24694061279297,75.52068328857422,39.24644088745117,34.88637161254883,144.86134338378906,85.62281799316406
2024-08-09,42.80783462524414,83.44711303710938,42.272544860839844,41.27772521972656,121.24607849121094,101.70197296142578,75.6353530883789,39.44456481933594,35.005252838134766,145.57960510253906,85.90861511230469
2024-08-12,42.61931610107422,82.86930847167969,42.480567932128906,41.06354904174805,120.6314697265625,102.53287506103516,75.25311279296875,39.208709716796875,35.067073822021484,145.02633666992188,85.568603515625
2024-08-13,43.0446891784668,83.9465560913086,42.06924057006836,41.4042854309082,121.89973449707031,105.68340301513672,75.59713745117188,39.482295989990234,35.27156066894531,146.78323364257812,87.7121353149414
2024-08-14,43.0446891784668,83.46669006347656,42.315093994140625,41.910518646240234,122.39727783203125,106.26206970214844,75.941162109375,39.623809814453125,35.24778366088867,147.307373046875,87.24401092529297
2024-08-15,43.72624969482422,84.22075653076172,42.820980072021484,42.29993438720703,124.0460205078125,109.318603515625,76.72473907470703,39.51060104370117,35.24302673339844,148.22950744628906,90.02812194824219
2024-08-16,43.7794189453125,84.47539520263672,42.773704528808594,42.6114616394043,123.87041473388672,109.50160217285156,76.93497467041016,39.49173355102539,35.39996337890625,148.3848114013672,90.24002075195312
2024-08-19,43.98727035522461,85.43508911132812,43.06210708618164,42.84510803222656,124.62162017822266,111.30685424804688,77.19297790527344,39.72758865356445,35.63297653198242,149.28753662109375,91.34873962402344
2024-08-20,43.827762603759766,85.37635040283203,41.927398681640625,42.70881652832031,124.2801513671875,110.91612243652344,77.57521057128906,39.76532745361328,35.55689239501953,149.8893280029297,91.26496887207031
2024-08-21,44.33047103881836,85.73868560791016,41.99831771850586,42.64067077636719,125.03136444091797,111.5689926147461,78.10079956054688,39.89740753173828,35.808937072753906,150.14170837402344,92.41804504394531
2024-08-22,44.23862838745117,85.09235382080078,42.107059478759766,42.88404846191406,124.8752670288086,109.0020751953125,77.98612976074219,40.142696380615234,35.766136169433594,150.23876953125,90.82148742675781
2024-08-23,44.823516845703125,85.68972778320312,42.735877990722656,43.253997802734375,126.1240234375,110.76776123046875,78.20590209960938,40.91630554199219,35.86599349975586,150.8891143798828,92.57571411132812
2024-08-26,45.02170181274414,85.88558959960938,43.11883544921875,43.39029312133789,125.9874267578125,109.3779525756836,78.76014709472656,40.888004302978516,36.099021911621094,150.8114776611328,91.85629272460938
2024-08-27,45.02653884887695,85.68972778320312,42.71696472167969,43.614200592041016,126.06549072265625,110.04072570800781,78.95127868652344,40.99177169799805,35.813690185546875,151.04444885253906,91.61483764648438
2024-08-28,44.83318328857422,85.12171936035156,42.442745208740234,43.72128677368164,126.0069580078125,108.52232360839844,78.6167984008789,40.85026550292969,35.813690185546875,151.21913146972656,90.72785186767578
2024-08-29,45.079708099365234,84.94544219970703,42.995914459228516,44.11069869995117,126.89473724365234,107.54303741455078,78.22502136230469,40.68988037109375,36.0086669921875,151.53945922851562,90.83625030517578
2024-08-30,45.57274627685547,85.51344299316406,43.15666580200195,44.529319763183594,128.2508087158203,108.97240447998047,78.84616088867188,41.08612060546875,36.279727935791016,152.5877685546875,92.20614624023438
2024-09-03,44.538326263427734,83.9465560913086,42.08341979980469,44.19832229614258,125.41184997558594,103.9671859741211,79.40040588378906,41.18046569824219,36.227420806884766,152.2965545654297,90.93974304199219
2024-09-04,44.35464859008789,83.54503631591797,41.50188446044922,44.24699401855469,125.53865814208984,103.70010375976562,79.77308654785156,41.274803161621094,36.536529541015625,152.03453063964844,91.17627716064453
2024-09-05,44.00660705566406,83.78986358642578,41.18038558959961,43.760231018066406,124.07528686523438,103.54183197021484,79.46729278564453,41.16159439086914,36.44617462158203,149.9475555419922,92.2110824584961
2024-09-06,43.45072937011719,82.03690338134766,40.6650390625,43.11770248413086,122.81678009033203,100.85623168945312,79.30484008789062,41.16159439086914,36.099021911621094,149.43312072753906,89.88029479980469
2024-09-09,43.87126541137695,82.38945007324219,40.95817184448242,43.760231018066406,124.69966125488281,102.50814056396484,79.91642761230469,41.65217590332031,36.46519088745117,150.48143005371094,91.19105529785156
2024-09-10,43.890602111816406,82.36985778808594,40.25370788574219,43.312408447265625,124.91429138183594,104.04136657714844,79.8973159790039,42.38804244995117,36.636390686035156,151.1706085205078,92.23571014404297
2024-09-11,43.9969367980957,82.7126235961914,39.88019943237305,43.10796356201172,125.1386947631836,107.5925064086914,79.1519546508789,42.27483367919922,36.750518798828125,150.72410583496094,93.15718841552734
2024-09-12,44.402976989746094,84.25993347167969,40.239524841308594,43.205322265625,126.1044921875,108.48275756835938,79.63928985595703,42.35030746459961,36.83136749267578,151.26768493652344,94.20677185058594
2024-09-13,44.80418014526367,85.07275390625,40.46646499633789,43.331871032714844,127.38253021240234,109.02680206298828,80.20311737060547,42.652198791503906,37.34971618652344,151.5783233642578,94.84736633300781
2024-09-16,45.21988296508789,85.96393585205078,40.929805755615234,43.89652633666992,128.0361785888672,108.6113510131836,80.5184555053711,42.79371643066406,37.635047912597656,152.62661743164062,94.68476104736328
2024-09-17,45.306888580322266,85.96393585205078,41.48297882080078,44.13017272949219,128.7386016845703,108.39867401123047,79.75397491455078,42.45408630371094,37.60651397705078,151.0541229248047,95.16767120361328
2024-09-18,45.1135368347168,85.89537048339844,41.563350677490234,43.99387741088867,128.63128662109375,107.40950775146484,79.44818115234375,42.33143997192383,37.32118606567383,150.80177307128906,94.98040771484375
2024-09-19,45.79509735107422,87.0607681274414,42.059783935546875,44.48064041137695,130.84585571289062,110.59957885742188,78.97994232177734,42.227664947509766,37.1024284362793,151.3453369140625,97.1436538696289
2024-09-20,45.47123718261719,87.0607681274414,41.9652214050293,44.45143508911133,129.92881774902344,110.06047821044922,79.3621826171875,42.152191162109375,38.08206558227539,150.72410583496094,96.92192077636719
2024-09-23,45.868408203125,87.25624084472656,42.4833984375,44.39769744873047,130.80088806152344,110.04017639160156,79.82234191894531,42.61865997314453,38.45981979370117,150.4289093017578,98.09957885742188
2024-09-24,46.494747161865234,87.66879272460938,42.37852478027344,44.026424407958984,131.74049377441406,110.79329681396484,79.63021087646484,42.61865997314453,38.186920166015625,150.12686157226562,98.9587631225586
2024-09-25,46.18400573730469,87.39376068115234,41.549072265625,43.76261520385742,131.12387084960938,111.11039733886719,79.428466796875,42.438148498535156,38.387996673583984,148.6654510498047,98.60324096679688
2024-09-26,47.140506744384766,87.88490295410156,40.73390579223633,43.98733139038086,131.77964782714844,112.58197021484375,79.61100006103516,42.02013397216797,38.12467575073242,149.16233825683594,99.02294921875
2024-09-27,47.05796813964844,88.41533660888672,41.56336975097656,44.11435317993164,131.96560668945312,111.53155517578125,79.75508880615234,42.07714080810547,38.502906799316406,149.0843963623047,99.17108917236328
2024-09-30,46.795772552490234,88.79842376708984,41.85415267944336,44.280452728271484,132.56263732910156,111.85856628417969,79.73587799072266,42.438148498535156,38.675262451171875,150.05868530273438,98.93901062011719
2024-10-01,46.67924880981445,88.86717987060547,42.80754852294922,44.04595947265625,132.63116455078125,109.13346099853516,79.4668960571289,42.181636810302734,38.98646926879883,149.26950073242188,98.53904724121094
2024-10-02,46.499595642089844,88.5921401977539,43.24611282348633,44.094810485839844,132.38645935058594,109.94107818603516,78.7944107055664,42.029632568359375,39.005615234375,148.9674835205078,97.70455169677734
2024-10-03,45.98493957519531,88.28762817382812,44.00883483886719,43.860313415527344,131.7111358642578,110.39692687988281,78.00666809082031,41.62112045288086,38.99126052856445,147.6229705810547,96.57379150390625
2024-10-04,46.208282470703125,89.26991271972656,44.41879653930664,44.60288619995117,132.63116455078125,111.62569427490234,78.26605987548828,41.345611572265625,38.92901611328125,147.73989868164062,97.8526840209961
2024-10-07,46.072330474853516,88.071533203125,44.576107025146484,44.055728912353516,132.30816650390625,110.85771179199219,77.4879150390625,41.041595458984375,38.03370666503906,147.08709716796875,96.33183288574219
2024-10-08,45.85869216918945,88.8475341796875,43.41295623779297,44.30976486206055,132.601806640625,112.92880249023438,77.87216186523438,41.165103912353516,38.052860260009766,147.88601684570312,97.27003479003906
2024-10-09,46.15001678466797,88.87700653076172,43.67514419555664,44.72012710571289,133.7860870361328,114.19225311279297,78.3429183959961,41.18409729003906,37.727294921875,149.3961639404297,97.96626281738281
2024-10-10,46.2568359375,88.2188720703125,43.970699310302734,44.583343505859375,133.10098266601562,114.16252899169922,77.9970703125,40.84209060668945,37.612388610839844,148.8408203125,97.48235321044922
2024-10-11,46.55786895751953,88.82788848876953,44.24241638183594,45.44316101074219,135.4793243408203,114.3607177734375,78.42936706542969,41.26010513305664,37.94274139404297,149.9320068359375,97.06758117675781
2024-10-14,46.82490921020508,89.2404556274414,44.223350524902344,45.726505279541016,136.29171752929688,115.85211944580078,78.74638366699219,41.54511642456055,38.421512603759766,150.76016235351562,97.49224090576172
2024-10-15,46.77635192871094,89.43690490722656,42.79801559448242,45.824214935302734,135.24444580078125,113.30535125732422,79.24593353271484,42.06763458251953,38.593875885009766,148.9187774658203,97.70455169677734
2024-10-16,47.140506744384766,89.37796783447266,43.002994537353516,46.390907287597656,136.29171752929688,113.65715789794922,79.18829345703125,42.485652923583984,39.35990905761719,149.3376922607422,98.21808624267578
2024-10-17,47.21332931518555,88.9555892944336,43.20797348022461,46.51792526245117,135.90020751953125,114.00398254394531,78.83283996582031,42.21013641357422,39.01041030883789,148.47059631347656,98.12919616699219
2024-10-18,47.40269470214844,89.61371612548828,43.06496810913086,46.52769470214844,136.31130981445312,114.41027069091797,79.00576782226562,42.50465774536133,39.23543167114258,149.19155883789062,98.51435089111328
2024-10-21,47.038543701171875,89.26010131835938,42.936256408691406,46.15641784667969,135.83168029785156,114.94538879394531,78.3429183959961,41.630619049072266,39.08222579956055,147.4378662109375,97.74899291992188
2024-10-22,46.606422424316406,89.38778686523438,43.0363655090332,46.068477630615234,134.1873779296875,114.82646942138672,78.7848129272461,41.697120666503906,38.94337463378906,147.22352600097656,97.35397338867188
2024-10-23,46.48017883300781,88.71001434326172,42.812313079833984,46.029396057128906,133.79586791992188,113.18148803710938,78.63111114501953,42.10563659667969,39.31682586669922,146.53176879882812,95.8232421875
2024-10-24,45.912105560302734,89.0145263671875,42.80754852294922,46.068477630615234,132.87583923339844,113.51347351074219,78.52542114257812,42.20063781738281,39.06306838989258,145.56724548339844,98.8451919555664
2024-10-25,45.620784759521484,89.2404556274414,42.793243408203125,45.560401916503906,132.52349853515625,114.10307312011719,77.87216186523438,41.868133544921875,38.48375701904297,144.76832580566406,99.15626525878906
2024-10-28,45.99949645996094,89.81017303466797,42.52153015136719,46.12709426879883,132.91500854492188,114.06839752197266,78.01627349853516,42.00113296508789,38.7853889465332,144.98269653320312,99.38835144042969
2024-10-29,45.70332336425781,90.65493774414062,41.87322235107422,45.843746185302734,132.73880004882812,115.6043701171875,77.24774169921875,41.62112045288086,37.95710754394531,144.5832061767578,98.86988067626953
2024-10-30,45.95094299316406,91.20501708984375,41.96856689453125,46.0489387512207,132.5137176513672,113.76615142822266,77.12284851074219,41.77312469482422,37.86614227294922,144.31040954589844,98.73162078857422
2024-10-31,45.344032287597656,90.40937042236328,42.23074722290039,45.413841247558594,130.98684692382812,110.114501953125,76.96914672851562,41.041595458984375,38.258731842041016,143.09255981445312,97.22064971923828
2024-11-01,45.2177848815918,90.76299285888672,41.96379470825195,45.57017517089844,131.16302490234375,110.94194793701172,76.99796295166016,40.604583740234375,37.406517028808594,143.940185546875,98.80075073242188
2024-11-04,45.41686248779297,90.4584732055664,42.69791030883789,45.21842956542969,131.01622009277344,110.85771179199219,77.20930480957031,41.06060028076172,36.96125793457031,142.99514770507812,98.46003723144531
2024-11-05,45.48483657836914,91.46041870117188,42.983924865722656,45.63856887817383,133.20864868164062,112.41846466064453,77.69924926757812,41.62112045288086,37.516632080078125,144.04736328125,100.20308685302734
2024-11-06,46.111175537109375,93.7098388671875,44.599937438964844,48.413421630859375,138.42538452148438,115.61924743652344,76.43116760253906,40.509578704833984,37.12882995605469,144.2324676513672,103.40773010253906
2024-11-07,46.29081726074219,94.93769073486328,44.394954681396484,47.631771087646484,137.5934600830078,117.63581085205078,76.70975494384766,41.013092041015625,37.195858001708984,145.27496337890625,104.73600769042969
2024-11-08,45.868408203125,94.47601318359375,44.69050979614258,48.061683654785156,139.0713653564453,117.50700378417969,77.64160919189453,41.71611785888672,37.90922546386719,146.3174285888672,106.22227478027344
2024-11-11,45.66933822631836,95.00646209716797,44.94316101074219,48.74562454223633,140.1479949951172,116.85791778564453,77.37263488769531,41.355106353759766,38.01456069946289,145.46006774902344,108.36529541015625
2024-11-12,44.89248275756836,95.43865203857422,44.704811096191406,48.59906768798828,138.94415283203125,117.00655364990234,77.4590835571289,40.832584381103516,37.57887649536133,143.43357849121094,106.91852569580078
2024-11-13,44.99930191040039,95.47795104980469,45.05280303955078,48.62837600708008,139.23773193359375,116.60028076171875,77.68965148925781,41.15559768676758,37.511844635009766,143.05361938476562,107.83202362060547
2024-11-14,44.63029479980469,95.3698959350586,45.224422454833984,48.50135803222656,136.88876342773438,116.20388793945312,77.49750518798828,40.78508377075195,37.38257598876953,140.8030242919922,106.30128479003906
2024-11-15,44.31955337524414,93.46427154541016,45.157676696777344,48.7260856628418,136.15467834472656,113.32022857666016,76.81543731689453,40.832584381103516,37.94274139404297,138.19192504882812,105.39273834228516
2024-11-18,44.66427993774414,94.38761138916016,45.7583122253418,48.872642517089844,135.96868896484375,113.68687438964844,77.35340118408203,41.193603515625,38.27309799194336,138.28936767578125,106.365478515625
2024-11-19,44.51862335205078,95.00646209716797,45.467529296875,48.55021286010742,135.85125732421875,114.61837768554688,77.4590835571289,41.36460494995117,38.51726531982422,137.57814025878906,106.44448852539062
2024-11-20,44.882774353027344,95.61547088623047,45.9251594543457,48.40365219116211,135.99807739257812,114.519287109375,77.0652084350586,41.29810333251953,38.536415100097656,139.2052001953125,105.97540283203125
2024-11-21,45.431427001953125,95.3698959350586,46.2969856262207,49.01920700073242,137.7011260986328,115.68364715576172,77.90099334716797,41.57361602783203,39.206703186035156,140.32559204101562,106.16304016113281
2024-11-22,45.683902740478516,95.16361236572266,46.36848831176758,49.56635665893555,139.61949157714844,115.74310302734375,78.62149810791016,41.88712692260742,38.99604415893555,140.4522705078125,107.69375610351562
2024-11-25,46.154869079589844,95.65476989746094,45.45322799682617,49.88878631591797,140.4905548095703,115.73815155029297,79.0538101196289,42.44765090942383,39.06785583496094,141.650634765625,108.7948989868164
2024-11-26,45.81014633178711,96.00838470458984,45.391258239746094,49.98649597167969,140.65696716308594,116.31785583496094,79.38042449951172,42.65665817260742,39.69026184082031,142.4105682373047,109.18991088867188
2024-11-27,45.78586959838867,96.13607025146484,45.343589782714844,50.08420181274414,140.13821411132812,114.74224853515625,79.54375457763672,42.951168060302734,39.69026184082031,143.17050170898438,108.65169525146484
2024-11-29,46.018924713134766,96.65669250488281,45.539031982421875,50.1623649597168,140.93101501464844,115.8075180053711,79.94722747802734,42.75166320800781,39.704627990722656,143.61868286132812,109.76763916015625
2024-12-02,45.98978805541992,97.45233917236328,45.05757141113281,49.6640625,139.8935089111328,116.907470703125,79.85116577148438,42.10563659667969,38.852413177490234,143.3653564453125,110.72557067871094
2024-12-03,45.8441276550293,98.23816680908203,45.05280303955078,49.29277801513672,139.0126495361328,117.32862854003906,79.43807220458984,41.85862731933594,38.51726531982422,143.04388427734375,110.64163208007812
2024-12-04,45.397438049316406,98.4640884399414,43.96593475341797,49.10713577270508,139.61949157714844,119.47404479980469,79.21711730957031,41.7446174621582,38.512481689453125,142.9658966064453,111.66869354248047
2024-12-05,44.800235748291016,98.23816680908203,44.137542724609375,49.25369644165039,137.92623901367188,118.86955261230469,79.53414154052734,41.6401252746582,38.632179260253906,141.36810302734375,112.58219909667969
2024-12-06,44.62543869018555,99.14186096191406,43.38912582397461,49.243927001953125,137.57386779785156,119.3303451538086,79.14026641845703,41.5831184387207,38.15340042114258,140.5691680908203,114.95234680175781
2024-12-09,44.61573028564453,97.02995300292969,43.31761932373047,48.56975173950195,136.3798065185547,118.55245971679688,79.01536560058594,41.66862106323242,37.67463302612305,140.97836303710938,114.58695983886719
2024-12-10,44.15932846069336,98.55249786376953,43.022064208984375,48.55998611450195,136.04701232910156,116.907470703125,79.39004516601562,40.99409866333008,37.401729583740234,140.39382934570312,114.77458190917969
2024-12-11,44.00395202636719,100.16344451904297,43.093570709228516,48.657691955566406,135.7338104248047,118.60198974609375,78.7848129272461,40.889591217041016,37.16713333129883,138.4842071533203,116.78921508789062
2024-12-12,43.69807052612305,100.35008239746094,42.74557876586914,48.44273376464844,134.8627166748047,117.93805694580078,79.01536560058594,40.861087799072266,37.14797592163086,137.38327026367188,115.82140350341797
2024-12-13,43.32421112060547,99.15170288085938,42.53106689453125,48.40365219116211,134.51036071777344,118.44345092773438,78.81363677978516,40.690086364746094,37.17191696166992,137.3638153076172,116.28062438964844
2024-12-16,42.940635681152344,99.53477478027344,41.59674072265625,48.31571960449219,134.62783813476562,119.62762451171875,78.40055084228516,40.48107147216797,36.87507629394531,135.7270050048828,117.85577392578125
2024-12-17,42.702728271484375,98.78824615478516,41.28688430786133,47.9737434387207,133.3945770263672,118.90424346923828,78.26605987548828,40.30056381225586,36.72187423706055,135.6295928955078,118.22611999511719
2024-12-18,41.488887786865234,95.96908569335938,40.066532135009766,46.5374641418457,129.6263885498047,115.06926727294922,77.0748291015625,38.72350311279297,35.855289459228516,133.7882080078125,112.89820861816406
2024-12-19,41.042198181152344,95.7038803100586,39.71854019165039,46.70356750488281,129.45997619628906,115.19313049316406,76.52723693847656,38.05847930908203,36.01807403564453,132.77493286132812,112.74514770507812
2024-12-20,41.55200958251953,96.2244873046875,40.10943603515625,47.397281646728516,130.97706604003906,116.91243743896484,76.79622650146484,38.752010345458984,36.59260559082031,134.45069885253906,113.03153991699219
2024-12-23,41.51979446411133,96.7503890991211,40.3449821472168,47.51110076904297,130.9475555419922,118.15115356445312,76.3916015625,38.92869186401367,36.71714782714844,135.79345703125,113.37437438964844
2024-12-24,41.74430847167969,97.6662826538086,40.68627166748047,48.07040023803711,131.97059631347656,119.37202453613281,76.89495849609375,39.187965393066406,36.919898986816406,136.35130310058594,115.99636840820312
2024-12-26,41.68085861206055,97.53826141357422,40.652626037597656,48.18815231323242,132.06893920898438,119.45142364501953,77.13694763183594,39.245574951171875,36.8330078125,136.62535095214844,115.56597137451172
2024-12-27,41.45634841918945,96.6716079711914,40.64781951904297,47.834903717041016,131.08526611328125,117.86331176757812,76.75944519042969,38.92869186401367,36.726810455322266,135.98919677734375,113.65636444091797
2024-12-30,40.89995574951172,95.65721893310547,40.64301300048828,47.37372970581055,129.7671356201172,116.3645248413086,75.85924530029297,38.74624252319336,36.572330474853516,134.31564331054688,111.83086395263672
2024-12-31,41.065895080566406,95.3420639038086,41.17658615112305,47.422794342041016,129.60972595214844,115.39675903320312,76.091552734375,39.053524017333984,36.538536071777344,134.63861083984375,110.98983764648438
2025-01-02,40.61199188232422,95.80494689941406,41.65728759765625,47.30504608154297,129.15725708007812,115.12379455566406,75.85924530029297,38.688636779785156,36.81852340698242,134.677734375,109.5304183959961
2025-01-03,40.602237701416016,96.3958511352539,42.046653747558594,47.67790985107422,130.5540771484375,116.99976348876953,75.82051086425781,39.21677017211914,37.20954513549805,135.9990234375,111.74674987792969
2025-01-06,40.875545501708984,97.43978118896484,41.854373931884766,47.53072738647461,130.26881408691406,118.48863220214844,75.02678680419922,38.67902374267578,36.79438781738281,136.05772399902344,112.18704986572266
2025-01-07,40.85114288330078,96.35645294189453,42.272579193115234,47.422794342041016,130.14093017578125,116.11141967773438,74.76543426513672,38.390953063964844,36.702667236328125,136.73301696777344,110.0152359008789
2025-01-08,41.07565689086914,95.7852554321289,42.31584167480469,47.57978820800781,130.65245056152344,116.07171630859375,74.90094757080078,38.554195404052734,36.693016052246094,137.43765258789062,110.32691192626953
2025-01-10,40.65591812133789,94.35723114013672,42.488887786865234,46.43174362182617,129.186767578125,113.5406494140625,73.89425659179688,37.622745513916016,36.48543930053711,136.6645050048828,109.24348449707031
2025-01-13,41.563724517822266,94.3966293334961,43.382991790771484,46.7653694152832,130.70164489746094,112.73666381835938,74.02010345458984,38.102874755859375,36.06062316894531,138.44573974609375,109.86187744140625
2025-01-14,42.08106994628906,94.08148193359375,43.84926986694336,47.344295501708984,132.2460174560547,113.03443145751953,74.03945922851562,38.42936325073242,36.53371047973633,137.01681518554688,109.6491470336914
2025-01-15,42.48128890991211,95.62767028808594,44.49821090698242,48.55120086669922,133.08212280273438,115.28260803222656,73.78780364990234,38.59260177612305,37.06955337524414,137.57469177246094,112.4393539428711
2025-01-16,42.83269500732422,95.08602905273438,44.820274353027344,48.8750114440918,134.6953582763672,114.39425659179688,74.33953094482422,39.45683288574219,38.006065368652344,138.1227569580078,111.83086395263672
2025-01-17,43.11089324951172,95.91327667236328,45.166378021240234,49.2871208190918,135.5019989013672,116.18585205078125,74.76543426513672,39.44723129272461,38.059165954589844,137.1929931640625,113.39910888671875
2025-01-21,43.66240310668945,96.7799301147461,44.935646057128906,49.69924545288086,138.2858123779297,117.15361022949219,75.1138916015625,40.167423248291016,38.643280029296875,139.46356201171875,114.230224609375
2025-01-22,43.310997009277344,97.74507141113281,44.11846160888672,49.4637451171875,137.96119689941406,119.79883575439453,74.7460708618164,39.466434478759766,37.80813980102539,139.15037536621094,113.79983520507812
2025-01-23,43.55015182495117,98.00113677978516,44.320350646972656,49.7483024597168,139.3580322265625,120.01223754882812,75.01709747314453,39.78331756591797,37.986759185791016,141.0098876953125,114.48748779296875
2025-01-24,43.43789291381836,98.88749694824219,43.89253234863281,49.895484924316406,138.76783752441406,118.7615966796875,75.40428161621094,39.8985481262207,38.372947692871094,141.2349853515625,113.78993225097656
2025-01-27,43.462303161621094,99.39960479736328,43.43587112426758,50.44497299194336,136.90866088867188,112.94013977050781,77.4466781616211,40.29225158691406,37.48470687866211,144.40594482421875,114.43801879882812
2025-01-28,43.32075881958008,99.88216400146484,43.022464752197266,50.35666275024414,136.00367736816406,115.95259857177734,76.23673248291016,39.802520751953125,36.968170166015625,143.39791870117188,114.5765380859375
2025-01-29,43.24266815185547,100.32535552978516,43.11860656738281,50.317413330078125,135.54132080078125,115.0096664428711,76.42064666748047,39.34160232543945,37.045413970947266,142.55624389648438,114.25003051757812
2025-01-30,43.652645111083984,100.42383575439453,43.33972930908203,50.798213958740234,137.05621337890625,115.22306060791016,77.17566680908203,39.860137939453125,37.81779479980469,144.20042419433594,115.36808776855469
2025-01-31,43.33540344238281,100.8276138305664,42.12836837768555,50.503849029541016,136.09219360351562,114.548095703125,76.44969177246094,39.773712158203125,37.595733642578125,143.7404327392578,114.85852813720703
2025-02-03,43.379329681396484,101.04428100585938,42.39274978637695,50.29779052734375,134.7445526123047,113.00464630126953,76.74976348876953,39.70649719238281,37.79848861694336,144.29830932617188,113.33973693847656
2025-02-04,43.5062255859375,101.95032501220703,43.282039642333984,50.18004608154297,134.78390502929688,114.63248443603516,76.10122680664062,39.70649719238281,37.465396881103516,143.9068145751953,114.67547607421875
2025-02-05,43.4720573425293,100.96548461914062,43.37337875366211,50.70990753173828,134.88226318359375,116.2255630493164,76.57552337646484,40.33066177368164,37.8419303894043,145.28677368164062,113.37437438964844
2025-02-06,43.623355865478516,101.39881896972656,42.575416564941406,51.131832122802734,135.49217224121094,116.5431900024414,76.92399597167969,40.445892333984375,37.79848861694336,143.98512268066406,113.82456970214844
2025-02-07,43.09136962890625,101.1821517944336,42.57060623168945,50.84728240966797,135.0888671875,115.545654296875,76.80783081054688,40.301856994628906,37.721248626708984,143.30979919433594,111.59834289550781
2025-02-10,43.310997009277344,101.63517761230469,43.50796890258789,50.44497299194336,136.2987823486328,117.23302459716797,77.2821273803711,40.35947036743164,38.13157653808594,143.18260192871094,111.9792709350586
2025-02-11,43.564796447753906,101.8026123046875,43.858882904052734,50.572532653808594,136.3479461669922,117.28761291503906,78.0274658203125,40.58032989501953,38.32467269897461,142.9183349609375,110.70784759521484
2025-02-12,43.25243377685547,101.91094970703125,42.80134582519531,50.39591979980469,135.5019989013672,117.03451538085938,77.96939849853516,40.23463821411133,38.25708770751953,142.71282958984375,110.68804931640625
2025-02-13,44.00405502319336,103.08289337158203,43.123409271240234,50.72953414916992,135.6397247314453,118.69210815429688,78.81151580810547,40.55152130126953,38.3439826965332,143.27066040039062,112.35031127929688
2025-02-14,43.85274887084961,103.71318054199219,43.29646682739258,50.82765579223633,135.3052520751953,119.09410858154297,78.0274658203125,40.38827896118164,38.1846809387207,141.7145538330078,112.30083465576172
2025-02-18,44.40914535522461,103.2306137084961,43.887725830078125,51.190711975097656,136.3676300048828,120.18096923828125,78.30816650390625,40.53232192993164,38.54190444946289,141.44052124023438,111.9891586303711
2025-02-19,43.88691329956055,103.34880065917969,44.233829498291016,51.21033477783203,136.50535583496094,120.1908950805664,78.93736267089844,40.6091423034668,38.744659423828125,143.2804718017578,111.92485809326172
2025-02-20,43.784420013427734,102.86622619628906,44.63761520385742,50.42534637451172,135.61021423339844,119.80876159667969,78.62760925292969,40.887611389160156,38.73982620239258,144.0830078125,110.96014404296875
2025-02-21,42.98399353027344,101.4579086303711,43.70986557006836,49.797359466552734,132.63946533203125,116.56303405761719,79.54716491699219,40.55152130126953,38.74948501586914,143.30979919433594,108.04132080078125
2025-02-24,42.93518829345703,101.65487670898438,43.71947479248047,50.01323699951172,132.03944396972656,114.89551544189453,79.78915405273438,40.73396682739258,38.55638885498047,144.47445678710938,107.63565826416016
2025-02-25,43.26707458496094,100.14807891845703,43.08976364135742,50.00342559814453,132.71817016601562,113.40665435791016,80.92167663574219,41.166080474853516,38.36328887939453,145.71739196777344,107.07166290283203
2025-02-26,43.24755096435547,99.97080993652344,42.844608306884766,49.895484924316406,132.79689025878906,114.64241027832031,79.37293243408203,40.96443176269531,38.5225944519043,144.6702117919922,106.63137817382812
2025-02-27,42.9547119140625,99.00566101074219,43.075340270996094,50.170230865478516,132.3345489501953,110.4686279296875,79.36325073242188,41.146881103515625,37.66814422607422,144.0830078125,105.0927963256836
2025-02-28,43.32075881958008,100.45337677001953,43.74351119995117,51.20051956176758,134.10516357421875,111.9277114868164,80.41832733154297,41.434959411621094,38.242610931396484,145.75656127929688,106.83916473388672
2025-03-03,42.452003479003906,99.4488525390625,42.21489334106445,50.76878356933594,132.19683837890625,108.5231704711914,80.84423065185547,41.790252685546875,38.29570770263672,146.3927001953125,104.87017822265625
2025-03-04,41.87609100341797,98.66096496582031,41.806304931640625,48.982940673828125,129.6195831298828,108.43880462646484,79.4697265625,41.31011962890625,37.67298126220703,145.03233337402344,103.01994323730469
2025-03-05,42.96935272216797,99.9314193725586,41.1958122253418,49.26749801635742,131.6656494140625,109.9624252319336,79.79884338378906,41.694217681884766,37.407466888427734,146.4905548095703,104.58819580078125
2025-03-06,42.74484634399414,98.1390151977539,41.320796966552734,48.45307922363281,130.53440856933594,106.91024780273438,79.94403076171875,40.55152130126953,36.6302604675293,146.08932495117188,101.93650817871094
2025-03-07,42.861976623535156,98.76930236816406,42.02742004394531,48.197959899902344,132.05911254882812,108.45865631103516,80.20539093017578,40.781982421875,37.310916900634766,146.09909057617188,101.74851989746094
2025-03-10,41.968814849853516,96.30720520019531,42.33987808227539,47.11861038208008,129.99337768554688,103.84815979003906,80.0311508178711,40.38827896118164,37.721248626708984,144.5233917236328,98.11729431152344
2025-03-11,41.646697998046875,94.88904571533203,42.003387451171875,46.71630859375,127.99650573730469,103.42630004882812,78.85991668701172,39.96576690673828,37.36885070800781,142.94769287109375,97.15753936767578
2025-03-12,41.45146942138672,95.36177062988281,42.1956672668457,46.78499221801758,127.9866943359375,105.05413818359375,77.1466293334961,39.82172775268555,37.25299072265625,141.51881408691406,97.72150421142578
2025-03-13,41.42218780517578,93.40194702148438,41.907249450683594,46.52987289428711,126.67838287353516,103.05905151367188,76.7884750366211,39.04392623901367,37.3447151184082,140.76522827148438,95.28256225585938
2025-03-14,41.96393585205078,95.11555480957031,43.14745330810547,47.609222412109375,128.9900360107422,106.17575073242188,76.96269989013672,39.802520751953125,38.073646545410156,141.84176635742188,97.31089782714844
2025-03-17,42.49104309082031,95.79509735107422,43.83484649658203,48.16852569580078,130.77049255371094,106.91520690917969,78.08554077148438,40.50351333618164,38.232948303222656,143.64259338378906,97.4642562866211
2025-03-18,42.41783905029297,94.45572662353516,43.906951904296875,48.10964584350586,129.72781372070312,105.2873764038086,77.19501495361328,40.25383758544922,37.967445373535156,143.71107482910156,95.72779846191406
2025-03-19,42.55937576293945,95.57843780517578,44.62318801879883,48.6395149230957,131.44924926757812,106.65715026855469,77.19501495361328,40.301856994628906,38.10743713378906,143.78939819335938,97.5632095336914
2025-03-20,42.29094314575195,95.37162017822266,44.78662872314453,48.70820236206055,130.79017639160156,105.89781188964844,76.81751251220703,40.25383758544922,38.26191711425781,143.87745666503906,97.33069610595703
2025-03-21,41.8712043762207,96.1200942993164,44.47417068481445,48.531578063964844,130.0917510986328,106.1856689453125,76.7884750366211,39.860137939453125,38.01572036743164,143.47621154785156,97.68193817138672
2025-03-24,42.43859100341797,97.4812240600586,44.98090744018555,49.387367248535156,132.5042266845703,108.19667053222656,77.26334381103516,40.414852142333984,38.00356674194336,144.57164001464844,101.34398651123047
2025-03-25,42.42877960205078,98.71590423583984,45.16500473022461,49.663108825683594,132.70159912109375,108.55463409423828,76.56270599365234,39.93165588378906,37.39585876464844,142.724609375,102.15259552001953
2025-03-26,42.50724792480469,97.8763198852539,45.43144226074219,49.51538848876953,131.82342529296875,106.13346099853516,77.74989318847656,40.13459777832031,37.643802642822266,142.20388793945312,100.81814575195312
2025-03-27,42.48762893676758,97.44171142578125,44.990596771240234,49.416908264160156,131.1228485107422,105.15406036376953,78.6353988647461,40.03795623779297,37.63407897949219,142.42987060546875,100.88263702392578
2025-03-28,41.70790100097656,94.56735229492188,44.77743911743164,48.4616584777832,128.41929626464844,102.6036376953125,78.24616241455078,40.01862716674805,37.91119384765625,141.9877471923828,97.74742126464844
2025-03-31,42.163970947265625,95.2686538696289,45.271575927734375,49.05253601074219,129.32705688476562,102.65335083007812,79.47225952148438,40.443843841552734,38.33415603637695,143.45162963867188,97.95578002929688
2025-04-01,42.320899963378906,95.32791900634766,45.53802490234375,48.993446350097656,130.0572052001953,103.40406799316406,79.58902740478516,40.47283935546875,38.431396484375,140.8284149169922,98.97769927978516
2025-04-02,42.6690788269043,95.66375732421875,45.60099792480469,49.39720916748047,131.28073120117188,104.16969299316406,79.35549926757812,40.66611862182617,38.611270904541016,141.7716064453125,100.85783386230469
2025-04-03,40.74182891845703,91.39667510986328,42.02093505859375,46.96477127075195,124.17647552490234,97.06031799316406,79.81282806396484,39.448455810546875,38.368186950683594,140.62208557128906,94.76598358154297
2025-04-04,38.19178771972656,86.16158294677734,38.15504455566406,43.5278434753418,116.37166595458984,90.6668472290039,76.34864044189453,37.65095138549805,36.233924865722656,132.90965270996094,90.67829132080078
2025-04-07,37.57879638671875,86.28012084960938,37.90797805786133,43.419517517089844,115.82897186279297,91.2087631225586,75.46312713623047,36.742530822753906,35.67969512939453,132.1138458251953,89.60676574707031
2025-04-08,36.42146682739258,85.07505798339844,37.0311279296875,43.252098083496094,114.87187194824219,89.3543472290039,74.29541778564453,35.83412170410156,35.53384017944336,130.64993286132812,87.47858428955078
2025-04-09,39.604122161865234,92.59185028076172,39.8990592956543,46.51176452636719,125.07437133789062,101.35079193115234,77.1757583618164,37.89254379272461,36.933998107910156,136.32867431640625,97.0032958984375
2025-04-10,38.338905334472656,89.39152526855469,37.2927360534668,45.21184158325195,121.84784698486328,96.63275909423828,77.21468353271484,37.09043884277344,36.656883239746094,132.52647399902344,93.21324920654297
2025-04-11,39.47661590576172,90.152099609375,38.21802520751953,45.96028518676758,123.99886322021484,98.61145782470703,78.18777465820312,37.61228942871094,37.104156494140625,134.47178649902344,94.11611938476562
2025-04-14,39.952301025390625,90.75462341308594,38.35367202758789,46.4329833984375,125.29145812988281,99.51130676269531,79.52091217041016,38.44339370727539,37.77020263671875,136.11251831054688,94.38896942138672
2025-04-15,39.63844680786133,90.9818115234375,38.295536041259766,46.5511589050293,124.66983032226562,99.87423706054688,78.84947967529297,38.50137710571289,37.765342712402344,135.2774200439453,93.70933532714844
2025-04-16,39.32949447631836,88.53218841552734,38.61042785644531,45.82240676879883,122.96282958984375,96.4040756225586,78.00289154052734,38.4820556640625,37.42502975463867,133.9019317626953,91.3976058959961
2025-04-17,39.59921646118164,89.1050796508789,39.4824333190918,45.940589904785156,123.6337890625,95.88204956054688,79.66687774658203,39.090885162353516,37.80909729003906,133.115966796875,91.97305297851562
2025-04-21,38.99603271484375,87.0999526977539,38.450565338134766,44.9557991027832,120.86115264892578,93.40620422363281,78.9078598022461,38.279109954833984,36.91455078125,130.24713134765625,89.5174560546875
2025-04-22,39.908164978027344,89.37178039550781,39.42914581298828,46.442832946777344,122.97270202636719,95.68319702148438,80.02691650390625,39.061893463134766,37.92091369628906,132.69349670410156,92.3500747680664
2025-04-23,39.95720291137695,90.80401611328125,39.356475830078125,46.994319915771484,124.51195526123047,98.45733642578125,79.5695571899414,39.11021423339844,38.08134841918945,133.35174560546875,94.41376495361328
2025-04-24,40.82029342651367,92.62146759033203,39.98625946044922,47.516258239746094,127.30433654785156,102.1313247680664,78.86894226074219,39.22618103027344,38.13969039916992,134.982666015625,96.29391479492188
2025-04-25,40.51625442504883,93.20425415039062,39.91359329223633,47.289756774902344,127.2944564819336,103.6427001953125,78.66458129882812,39.16819763183594,38.02301025390625,135.631103515625,98.02521514892578
2025-04-28,40.589805603027344,93.55985260009766,40.1945686340332,47.43747329711914,127.71874237060547,103.47366333007812,78.40185546875,39.40979766845703,38.256370544433594,136.17147827148438,98.05994415283203
2025-04-29,40.92817687988281,94.24140167236328,40.07830810546875,47.92987060546875,128.5475616455078,103.95591735839844,79.05382537841797,39.72871017456055,38.55293273925781,136.8395538330078,98.75446319580078
2025-04-30,41.13905334472656,94.2710189819336,38.99798583984375,48.018497467041016,129.47506713867188,104.38844299316406,79.62794494628906,39.912322998046875,38.358463287353516,138.0087127685547,97.85655212402344
2025-05-01,40.957603454589844,94.7550277709961,39.1433219909668,48.0086555480957,130.451904296875,105.91968536376953,78.93706512451172,40.02829360961914,38.470279693603516,134.24581909179688,98.39727783203125
2025-05-02,41.6490592956543,96.22677612304688,39.714969635009766,49.003292083740234,132.79037475585938,107.6895751953125,79.3652114868164,40.52116012573242,38.771705627441406,136.1027069091797,99.92520141601562
2025-05-05,41.340110778808594,96.4539566040039,38.99798583984375,48.68815994262695,132.8594512939453,107.11784362792969,79.2970962524414,40.47283935546875,38.67447280883789,135.7195281982422,98.86359405517578
2025-05-06,41.04097366333008,96.43419647216797,39.0076789855957,48.412418365478516,131.6951446533203,106.22792053222656,79.1608657836914,40.19258117675781,39.14604949951172,131.97628784179688,98.00041961669922
2025-05-07,40.815391540527344,96.25640106201172,39.02220916748047,48.6980094909668,132.36610412597656,107.2918472290039,79.2873764038086,40.16359329223633,39.257869720458984,132.98825073242188,98.7643814086914
2025-05-08,41.35972213745117,96.48358154296875,39.53572463989258,49.10177230834961,134.19151306152344,108.31599426269531,79.19005584716797,39.97031021118164,38.941864013671875,131.7896270751953,99.93016815185547
2025-05-09,41.467613220214844,95.9897232055664,39.9329719543457,49.10177230834961,134.30003356933594,108.1817626953125,78.73271179199219,40.2119140625,39.009925842285156,130.35519409179688,100.41136932373047
2025-05-12,42.42877960205078,97.98497009277344,40.97453308105469,50.096412658691406,138.43431091308594,113.20306396484375,78.84947967529297,40.25056457519531,38.77656936645508,133.57774353027344,105.40191650390625
2025-05-13,42.21791076660156,98.94308471679688,41.55101776123047,50.30322265625,139.40127563476562,115.64908599853516,77.788818359375,39.709381103515625,38.723087310791016,129.55938720703125,106.7958984375
2025-05-14,41.830501556396484,99.45672607421875,41.299110412597656,50.165348052978516,138.73033142089844,116.39979553222656,77.37037658691406,39.37113952636719,38.55293273925781,126.51372528076172,107.20764923095703
2025-05-15,42.257144927978516,99.85182189941406,41.4735107421875,50.500179290771484,140.26959228515625,116.55888366699219,78.95651245117188,40.095943450927734,39.37454605102539,128.17410278320312,106.96952819824219
2025-05-16,42.688690185546875,100.53337097167969,41.4105339050293,50.80546569824219,141.86802673339844,116.77764129638672,79.86148834228516,40.59846878051758,39.953086853027344,130.7580108642578,107.98152923583984
2025-05-19,42.79656982421875,100.63214111328125,40.872798919677734,50.83500671386719,142.35153198242188,116.60860443115234,80.09503173828125,40.685447692871094,40.12324905395508,132.0155792236328,107.72853088378906
2025-05-20,42.723018646240234,100.38520812988281,40.49492645263672,50.559268951416016,141.83843994140625,116.17109680175781,80.37722778320312,40.47283935546875,40.239925384521484,132.33981323242188,107.16796112060547
2025-05-21,42.15415573120117,99.634521484375,39.74888229370117,49.52523422241211,139.44076538085938,113.98857879638672,79.44306945800781,39.4001350402832,39.50581359863281,129.2744598388672,104.99513244628906
2025-05-22,42.11003112792969,99.41722106933594,39.5938606262207,49.46614456176758,139.41114807128906,114.0184097290039,79.11221313476562,39.26483917236328,38.941864013671875,128.26254272460938,105.4465560913086
2025-05-23,42.02666091918945,98.96285247802734,39.719810485839844,49.28888702392578,138.957275390625,112.76058959960938,79.40413665771484,39.27450180053711,39.4085807800293,128.0561981201172,104.4990463256836
2025-05-27,42.762245178222656,100.57288360595703,40.06377029418945,50.15550231933594,141.404296875,115.44027709960938,80.12422180175781,39.921993255615234,39.705142974853516,129.8443145751953,107.58466339111328
2025-05-28,42.17868423461914,100.55313110351562,39.55509948730469,49.820674896240234,140.7037353515625,114.9630126953125,79.57929992675781,39.921993255615234,39.150917053222656,129.1762237548828,106.59748077392578
2025-05-29,42.335609436035156,99.74317932128906,39.850616455078125,50.076717376708984,140.8319854736328,115.15690612792969,79.90042114257812,40.289222717285156,39.42316436767578,130.0408172607422,106.6421127319336
2025-05-30,42.34050750732422,100.15802764892578,39.49696731567383,50.18504333496094,140.92080688476562,114.79894256591797,80.60104370117188,40.327877044677734,39.826683044433594,130.31590270996094,106.06170654296875
2025-06-02,42.59061050415039,100.65190887451172,40.015323638916016,50.20473861694336,140.74322509765625,115.81314849853516,80.64969635009766,40.385860443115234,39.953086853027344,130.39450073242188,106.30974578857422
2025-06-03,43.027061462402344,100.3654556274414,40.49008560180664,50.30322265625,141.82858276367188,117.5531997680664,80.57186126708984,40.240901947021484,40.0600471496582,130.69908142089844,106.87528228759766
2025-06-04,43.18889236450195,101.00749969482422,39.700435638427734,50.017635345458984,141.90750122070312,117.72721862792969,80.00745391845703,40.36653518676758,39.35996627807617,130.95449829101562,106.5925064086914
2025-06-05,42.93388748168945,101.14578247070312,39.661678314208984,49.879764556884766,141.808837890625,117.39411163330078,79.23871612548828,40.35686492919922,39.2967643737793,130.7776641845703,103.90375518798828
2025-06-06,43.04667282104492,102.43973541259766,40.40773010253906,50.500179290771484,143.00274658203125,118.50277709960938,79.4917221069336,40.47283935546875,39.47178649902344,132.02542114257812,105.25310516357422
2025-06-09,43.33600997924805,102.14341735839844,40.48523712158203,50.22443389892578,142.87449645996094,119.0844497680664,79.38468170166016,40.45350646972656,39.21897888183594,131.79945373535156,106.09642791748047
2025-06-10,43.6057243347168,103.4373550415039,41.20706558227539,50.28352737426758,142.25286865234375,119.75064086914062,79.5598373413086,40.81108093261719,39.31134796142578,133.3026123046875,107.36638641357422
2025-06-11,43.17417526245117,103.20030212402344,41.80293655395508,50.22443389892578,142.3219451904297,119.48714447021484,79.2873764038086,40.588802337646484,39.33565902709961,133.3714141845703,106.51809692382812
2025-06-12,43.35562515258789,102.3607177734375,41.94826889038086,50.22443389892578,141.94699096679688,120.59581756591797,79.75445556640625,40.81108093261719,39.81209945678711,134.41282653808594,106.01705932617188
2025-06-13,42.85051727294922,101.32357788085938,42.67978286743164,49.200252532958984,140.75306701660156,118.90546417236328,78.78135681152344,40.48249816894531,39.58360290527344,133.74476623535156,105.03977966308594
2025-06-16,43.21341323852539,103.06201171875,42.55382537841797,49.7615852355957,141.7200469970703,120.8294677734375,79.03437042236328,40.52116012573242,39.38913345336914,133.3321075439453,106.17084503173828
2025-06-17,42.79167175292969,102.15328979492188,42.951072692871094,49.47599411010742,140.65440368652344,119.974365234375,78.36293029785156,40.35686492919922,39.06340408325195,131.13136291503906,104.3403091430664
2025-06-18,42.6690788269043,102.20267486572266,42.67009735107422,49.456295013427734,140.3189239501953,120.11853790283203,78.265625,40.434181213378906,39.165496826171875,130.9053955078125,104.38990783691406
2025-06-20,42.379737854003906,101.58039093017578,43.10609817504883,49.59416961669922,140.47679138183594,119.58657836914062,78.83973693847656,40.42451858520508,39.27245330810547,130.276611328125,104.51392364501953
2025-06-23,42.851932525634766,102.86659240722656,42.016014099121094,50.218692779541016,142.37901306152344,120.95006561279297,79.75289154052734,41.01447677612305,39.770320892333984,130.4641571044922,106.58549499511719
2025-06-24,43.20681381225586,104.19339752197266,41.469024658203125,50.96969985961914,143.566650390625,123.12126159667969,79.6843032836914,41.20950698852539,39.94165802001953,132.06338500976562,107.17707824707031
2025-06-25,42.792781829833984,104.17359924316406,41.28831481933594,50.80171203613281,142.29981994628906,124.17201232910156,78.6163558959961,40.205108642578125,39.408058166503906,132.1818389892578,105.91436767578125
2025-06-26,43.26595687866211,105.38157653808594,41.87926483154297,51.177215576171875,143.84376525878906,125.0285415649414,78.54777526855469,39.95157241821289,39.73604965209961,132.49774169921875,106.88874053955078
2025-06-27,43.32017517089844,106.6192626953125,41.65949249267578,51.325435638427734,145.2788543701172,124.879150390625,78.92008972167969,40.097843170166016,39.81438064575195,132.21145629882812,108.6684799194336
2025-06-30,43.28074645996094,107.46089172363281,41.42018127441406,51.75035095214844,146.00132751464844,126.10418701171875,79.33158874511719,40.390384674072266,39.975929260253906,133.0604248046875,108.04209899902344
2025-07-01,44.39960479736328,106.69847106933594,41.737632751464844,52.036922454833984,146.48629760742188,124.9787368774414,80.32115173339844,40.66342544555664,40.112998962402344,134.95579528808594,108.50443267822266
2025-07-02,45.06501007080078,106.39152526855469,42.45556640625,51.99739456176758,146.63473510742188,126.29839324951172,80.5562973022461,40.74143600463867,39.76542282104492,133.6231231689453,109.3744125366211
2025-07-03,45.035438537597656,106.9757080078125,42.5044059753418,52.56064987182617,147.88177490234375,127.96166229248047,80.51710510253906,40.76094436645508,40.06404113769531,133.7613067626953,109.97097778320312
2025-07-07,44.6016960144043,105.94595336914062,42.09415817260742,52.05668258666992,147.3671112060547,126.94577026367188,80.44851684570312,40.44889450073242,40.14726638793945,132.6359405517578,108.57402801513672
2025-07-08,44.966434478759766,105.72811889648438,43.22721862792969,51.59224319458008,147.32752990722656,127.62801361083984,79.70389556884766,40.390384674072266,39.72136306762695,133.2381134033203,108.20614624023438
2025-07-09,45.23752212524414,106.00536346435547,43.00743865966797,51.779998779296875,148.3568115234375,128.3948974609375,79.18461608886719,40.37088394165039,40.09341812133789,133.75144958496094,108.84745025634766
2025-07-10,45.47903823852539,105.64891052246094,43.33466339111328,52.08633041381836,149.1881866455078,127.97162628173828,79.46875762939453,40.57566452026367,40.42140579223633,134.57078552246094,110.05050659179688
2025-07-11,45.10936737060547,104.96571350097656,43.5300178527832,51.54283905029297,148.6537322998047,127.40890502929688,79.1748275756836,40.53665542602539,40.3626594543457,133.45529174804688,110.0803451538086
2025-07-14,44.85799789428711,105.9954605102539,43.0514030456543,51.92822265625,149.4553985595703,127.30432891845703,79.24340057373047,40.809696197509766,40.52421188354492,133.29734802246094,110.48798370361328
2025-07-15,43.9362907409668,104.9458999633789,42.43114471435547,51.038875579833984,148.33702087402344,128.43475341796875,78.44979858398438,40.28312683105469,40.137474060058594,130.89852905273438,108.90711212158203
2025-07-16,44.05458068847656,105.26274871826172,42.064849853515625,51.39461135864258,148.861572265625,128.8331298828125,78.72412872314453,40.72193145751953,40.15705490112305,132.52735900878906,109.10596466064453
2025-07-17,44.36510467529297,105.62911224365234,42.323699951171875,51.888694763183594,150.23727416992188,130.0033721923828,79.46875762939453,40.68292999267578,40.32350158691406,131.01698303222656,109.47881317138672
2025-07-18,44.46861267089844,105.1439437866211,41.98182678222656,51.91834259033203,149.90077209472656,129.9187469482422,79.25321197509766,40.79994583129883,40.99906921386719,130.1482696533203,110.44822692871094
2025-07-21,44.69533920288086,106.5499496459961,41.54716110229492,51.77011489868164,149.10899353027344,130.08804321289062,79.24340057373047,40.95596694946289,41.1312370300293,129.40789794921875,110.97021484375
2025-07-22,45.311458587646484,106.7974853515625,41.742515563964844,52.05668258666992,149.46530151367188,128.8829345703125,79.96843719482422,41.66781997680664,41.63547134399414,131.81658935546875,112.09373474121094
2025-07-23,45.46425247192383,107.38167572021484,42.39695739746094,52.47171401977539,152.14739990234375,129.6199493408203,79.9978256225586,41.78483963012695,41.32217025756836,134.5214385986328,112.62566375732422
2025-07-24,44.996002197265625,107.55989837646484,42.69975662231445,52.44207000732422,151.89007568359375,130.16773986816406,79.71369171142578,41.72633361816406,41.268314361572266,134.01797485351562,110.76141357421875
2025-07-25,45.5283317565918,106.55985260009766,42.53858947753906,52.80768966674805,153.39443969726562,130.46649169921875,79.85086059570312,41.72633361816406,41.37601089477539,134.72872924804688,111.79048156738281
2025-07-28,44.867855072021484,105.9855728149414,43.022090911865234,52.44207000732422,152.91937255859375,131.50729370117188,79.02786254882812,41.004722595214844,40.935428619384766,133.5540008544922,112.44172668457031
2025-07-29,44.69533920288086,105.07463073730469,43.44210433959961,52.17526626586914,151.17747497558594,131.51226806640625,79.5471420288086,41.68732833862305,41.40538787841797,132.7050323486328,111.66619873046875
2025-07-30,43.79335021972656,105.40137481689453,42.82185745239258,52.076446533203125,150.43521118164062,131.80609130859375,78.84171295166016,41.10224533081055,41.71379470825195,132.46812438964844,110.96026611328125
2025-07-31,43.24131393432617,106.35192108154297,42.59231185913086,51.75035095214844,150.44509887695312,130.83999633789062,78.16566467285156,40.38063430786133,41.93898391723633,128.75636291503906,110.0803451538086
2025-08-01,42.743492126464844,105.07463073730469,41.801124572753906,50.791831970214844,148.198486328125,128.0164337158203,78.53797912597656,40.26361846923828,42.00262451171875,129.4473876953125,107.42564392089844
2025-08-04,43.31031799316406,107.09454345703125,41.70832824707031,51.29579544067383,149.5642547607422,130.61590576171875,78.92008972167969,40.60491943359375,42.746726989746094,131.30325317382812,108.68836975097656
2025-08-05,43.615909576416016,106.26280975341797,41.762054443359375,51.088279724121094,149.2574462890625,129.5352783203125,78.84171295166016,40.74143600463867,42.29145431518555,130.7998046875,108.82756805419922
2025-08-06,43.14273452758789,106.66877746582031,41.37622833251953,51.335323333740234,149.37620544433594,130.99436950683594,79.96843719482422,40.4001350402832,41.91450881958008,128.83534240722656,111.08952331542969
2025-08-07,43.330039978027344,106.21329498291016,41.21506118774414,50.76218032836914,149.1584930419922,131.11390686035156,80.57588195800781,40.55615997314453,42.36978530883789,127.35457611083984,111.05472564697266
2025-08-08,43.546905517578125,106.56974792480469,41.478790283203125,51.23650360107422,149.2772674560547,132.42359924316406,80.81102752685547,40.224613189697266,42.18865203857422,128.4898223876953,111.24860382080078
2025-08-11,43.44832992553711,107.11433410644531,41.14668655395508,51.216739654541016,148.79229736328125,131.5272216796875,80.7424545288086,39.990577697753906,42.05647659301758,128.6181640625,111.53694915771484
2025-08-12,44.01515197753906,109.16394805908203,41.346923828125,51.83928680419922,150.3362274169922,133.56398010253906,80.95799255371094,40.058837890625,42.237606048583984,129.50662231445312,112.72012329101562
2025-08-13,44.84320831298828,110.01547241210938,41.82554244995117,52.13573455810547,150.9102783203125,133.61376953125,80.95799255371094,40.32212448120117,42.33061599731445,131.57965087890625,114.2662124633789
2025-08-14,44.374961853027344,110.10458374023438,41.78647232055664,52.38277816772461,149.57418823242188,133.32493591308594,80.23297119140625,40.039337158203125,42.036895751953125,132.24105834960938,114.13695526123047
2025-08-15,44.374961853027344,110.38182830810547,41.78647232055664,51.83928680419922,148.89126586914062,132.3140411376953,80.36034393310547,40.30262756347656,41.91450881958008,134.46221923828125,113.863525390625
2025-08-18,44.11865997314453,109.70852661132812,41.53739929199219,51.878814697265625,149.47518920898438,132.59788513183594,80.25257110595703,39.92231369018555,41.733375549316406,134.1463165283203,114.32089233398438
2025-08-19,44.384822845458984,109.09463500976562,41.55204772949219,51.977630615234375,149.80178833007812,130.28225708007812,81.0755615234375,40.63417053222656,42.13969802856445,135.00514221191406,114.2662124633789
2025-08-20,44.41932678222656,108.76788330078125,41.8988037109375,52.24443435668945,149.66323852539062,129.40081787109375,81.53605651855469,40.790199279785156,42.183753967285156,135.7356414794922,113.1377182006836
2025-08-21,44.552406311035156,108.64907836914062,42.18695068359375,52.076446533203125,149.1287841796875,128.9327392578125,80.80123901367188,40.643924713134766,41.894927978515625,135.2815399169922,112.46658325195312
2025-08-22,45.4346809387207,110.2135009765625,43.046512603759766,52.936153411865234,151.56346130371094,130.68064880371094,80.80123901367188,41.28751754760742,42.1201171875,136.3970489501953,115.88189697265625
2025-08-25,45.18330383300781,110.39173126220703,43.15884780883789,52.62982177734375,150.04922485351562,130.38682556152344,79.41976928710938,41.08273696899414,41.645259857177734,134.4523162841797,115.64824676513672
2025-08-26,45.30652618408203,109.90656280517578,43.09047317504883,53.03496551513672,151.59317016601562,130.9844207763672,78.9004898071289,40.965721130371094,41.738277435302734,135.29141235351562,116.18016815185547
2025-08-27,45.419891357421875,110.09468078613281,43.573974609375,53.1436653137207,151.5733642578125,131.69154357910156,79.13562774658203,41.14124298095703,41.74806213378906,135.2124481201172,116.20503234863281
2025-08-28,45.419891357421875,110.51054382324219,43.90607833862305,53.21284103393555,151.84059143066406,132.7323455810547,78.63595581054688,41.03398132324219,41.42986297607422,134.6793670654297,116.40388488769531
2025-08-29,45.48396682739258,110.29270935058594,44.1453857421875,53.3511848449707,150.44509887695312,130.69558715820312,79.14543151855469,41.25826644897461,41.27810287475586,135.66653442382812,115.20579528808594
2025-09-02,45.14386749267578,110.10458374023438,44.2088737487793,52.95591354370117,149.01002502441406,129.37591552734375,79.01806640625,40.55615997314453,41.14103698730469,135.7948760986328,114.34574890136719
2025-09-03,44.838279724121094,111.94625854492188,43.217445373535156,52.866981506347656,148.2578582763672,130.14779663085938,78.95927429199219,40.44889450073242,41.038230895996094,135.15322875976562,114.80809020996094
2025-09-04,45.01079177856445,112.95621490478516,43.50559997558594,53.42035675048828,149.93045043945312,130.7902069091797,79.00826263427734,40.72193145751953,40.98927688598633,135.66653442382812,116.90599060058594
2025-09-05,45.326236724853516,113.5602035522461,42.66557312011719,52.44207000732422,149.37620544433594,130.89974975585938,79.23361206054688,41.13149642944336,40.861995697021484,136.13050842285156,116.88113403320312
2025-09-08,45.36567306518555,113.68892669677734,42.567893981933594,52.481597900390625,149.7127227783203,131.88076782226562,78.93968963623047,40.858455657958984,40.44588851928711,136.08116149902344,117.33352661132812
2025-09-09,44.626338958740234,114.33251953125,42.77301788330078,52.70887756347656,148.70321655273438,132.13475036621094,79.09645080566406,40.83895492553711,40.72492599487305,136.81166076660156,117.16947174072266
2025-09-10,44.71012878417969,113.49089813232422,43.5202522277832,52.531005859375,149.80178833007812,134.53004455566406,78.32243347167969,40.8194465637207,41.424964904785156,135.5678253173828,115.7675552368164
2025-09-11,45.64662170410156,115.23355102539062,43.5300178527832,53.390708923339844,151.2269744873047,134.98321533203125,78.95927429199219,41.4825439453125,41.645259857177734,137.9271697998047,118.01956939697266
2025-09-12,45.188232421875,116.19400024414062,43.27116775512695,53.16343307495117,150.01953125,134.89358520507812,78.69474029541016,41.297264099121094,41.85576248168945,136.3378143310547,118.63105010986328
2025-09-15,44.82349395751953,117.82775115966797,43.124656677246094,53.04485321044922,150.71231079101562,136.10865783691406,77.79336547851562,41.248512268066406,41.953670501708984,135.17294311523438,119.66011047363281
2025-09-16,44.685489654541016,117.35247039794922,43.847469329833984,52.926273345947266,150.2669677734375,135.6355743408203,78.14607238769531,41.004722595214844,41.18998718261719,135.17294311523438,120.39586639404297
2025-09-17,44.78899383544922,117.659423828125,43.95003128051758,53.44012451171875,149.5840606689453,135.16746520996094,78.6163558959961,40.98522186279297,41.292789459228516,135.4394989013672,120.09262084960938
2025-09-18,44.78899383544922,117.74853515625,43.81328201293945,53.48952865600586,151.17747497558594,137.5030059814453,77.9305191040039,41.01447677612305,41.32217025756836,135.70602416992188,119.55073547363281
2025-09-19,44.7692756652832,118.23371887207031,43.23209762573242,53.60810852050781,151.54367065429688,138.89736938476562,77.77375793457031,40.809696197509766,41.58651351928711,135.52833557128906,120.00313568115234
2025-09-22,44.75392532348633,117.82136535644531,43.182350158691406,53.53672409057617,152.05052185058594,140.9407196044922,76.90663146972656,40.94430923461914,41.989654541015625,135.49363708496094,119.61219787597656
2025-09-23,44.61030578613281,117.65245819091797,43.926109313964844,53.29878234863281,152.09027099609375,139.72409057617188,77.29136657714844,41.26856231689453,42.206504821777344,135.80105590820312,118.48668670654297
2025-09-24,44.06555938720703,116.67872619628906,44.497474670410156,53.15007019042969,151.30517578125,138.8614501953125,77.45906829833984,40.84605407714844,42.50713348388672,135.25563049316406,119.32335662841797
2025-09-25,43.4910888671875,116.28128051757812,44.89645004272461,53.01127243041992,150.2815704345703,138.6171417236328,76.71920013427734,40.74779510498047,42.098079681396484,133.01443481445312,117.64007568359375
2025-09-26,43.996219635009766,117.41398620605469,45.3101921081543,53.397926330566406,151.63311767578125,139.03598022460938,76.90663146972656,41.15065383911133,42.783119201660156,134.37303161621094,119.37813568115234
2025-09-29,44.16460037231445,117.79156494140625,44.47777557373047,53.665611267089844,152.10020446777344,139.77891540527344,77.05461120605469,41.2292594909668,42.90633010864258,134.7696990966797,119.90103912353516
2025-09-30,44.382503509521484,117.61270904541016,44.004920959472656,53.407840728759766,153.2728729248047,140.54180908203125,77.31110382080078,41.39630126953125,42.98025894165039,138.01251220703125,119.34326934814453
2025-10-01,43.916988372802734,115.96332550048828,44.004920959472656,52.93195724487305,152.84555053710938,141.9180145263672,77.19271850585938,41.39630126953125,43.39424133300781,142.27674865722656,120.09028625488281
2025-10-02,44.42707061767578,115.70498657226562,43.561622619628906,52.892303466796875,153.24307250976562,142.68589782714844,76.88690948486328,41.18013381958008,43.31538391113281,141.9990692138672,119.22374725341797
2025-10-03,44.50135803222656,115.64537811279297,43.793121337890625,53.25912857055664,153.45176696777344,141.96788024902344,76.97569274902344,41.347171783447266,43.81808090209961,143.6155242919922,118.4568099975586
2025-10-06,44.46173858642578,115.76461029052734,44.00984573364258,53.23929977416992,154.16729736328125,143.40391540527344,76.41339111328125,40.934486389160156,44.241912841796875,142.9213409423828,119.47274780273438
2025-10-07,44.28345489501953,115.3174819946289,44.07880401611328,53.30870056152344,153.2927703857422,142.44656372070312,77.12366485595703,40.80674743652344,44.4439811706543,143.03041076660156,117.38111114501953
2025-10-08,44.52116775512695,114.84056091308594,43.82267761230469,53.05093002319336,154.62445068359375,144.9446563720703,76.73893737792969,40.60041046142578,44.749542236328125,143.30809020996094,117.7297134399414
2025-10-09,43.91203308105469,114.18477630615234,43.226680755615234,52.8625602722168,152.33871459960938,144.70033264160156,76.98555755615234,40.41371536254883,44.63618850708008,142.99075317382812,117.1420669555664
2025-10-10,43.01071548461914,112.0783462524414,41.975589752197266,51.7125129699707,148.96974182128906,138.8115997314453,77.04474639892578,39.971553802490234,44.453834533691406,140.9280548095703,113.91993713378906
2025-10-13,43.69413375854492,113.11168670654297,42.54695510864258,52.20822525024414,150.52008056640625,142.19227600097656,76.78825378417969,40.197547912597656,44.79389572143555,140.76937866210938,116.46477508544922
2025-10-14,44.12993240356445,113.85688781738281,42.542030334472656,52.78324890136719,152.28903198242188,140.3673095703125,78.0213623046875,40.58075714111328,45.19308853149414,141.1561279296875,116.70880126953125
2025-10-15,43.93183898925781,114.66171264648438,42.51740264892578,52.78324890136719,151.65301513671875,141.75845336914062,78.15948486328125,41.17030715942383,45.78449630737305,141.3743133544922,116.87812042236328
2025-10-16,43.6049919128418,113.43958282470703,42.00514602661133,51.315940856933594,150.65921020507812,141.86317443847656,77.61690521240234,41.042572021484375,45.28672790527344,141.13632202148438,115.74763488769531
2025-10-17,43.52080154418945,114.20465850830078,42.34993362426758,51.73234176635742,150.78839111328125,142.11248779296875,78.65272521972656,41.30786895751953,45.129024505615234,142.0784149169922,116.74365234375
2025-10-20,44.040794372558594,115.496337890625,42.79815673828125,52.33710861206055,152.5673065185547,143.69810485839844,78.58367156982422,41.740203857421875,45.11423873901367,143.58575439453125,117.66996002197266
2025-10-21,43.872413635253906,115.90371704101562,42.699649810791016,52.27762222290039,153.91885375976562,143.7729034423828,78.21867370605469,41.61246871948242,44.65590286254883,143.92294311523438,119.10920715332031
2025-10-22,43.738704681396484,114.90017700195312,43.24638748168945,51.98019790649414,151.92132568359375,142.35182189941406,78.66258239746094,41.79916000366211,44.55240249633789,144.7460479736328,118.17793273925781
2025-10-23,44.26364517211914,114.5126724243164,43.82267761230469,52.08925247192383,153.8194580078125,144.1468505859375,78.2778549194336,41.759857177734375,44.51791000366211,144.8253631591797,118.7107925415039
2025-10-24,44.08041000366211,114.81075286865234,43.37937545776367,52.654361724853516,153.9486541748047,146.38568115234375,78.0213623046875,41.907249450683594,45.04030990600586,144.81544494628906,118.35721588134766
2025-10-27,44.060604095458984,116.41045379638672,43.482810974121094,52.872474670410156,154.8231964111328,149.08822631835938,78.14961242675781,41.99567794799805,45.16352081298828,145.15261840820312,120.06040954589844
2025-10-28,44.12002944946289,115.83415985107422,43.029659271240234,52.53539276123047,153.7200927734375,150.5641326904297,77.37029266357422,41.062225341796875,44.41933822631836,144.2402801513672,120.09028625488281
2025-10-29,43.253379821777344,115.5460205078125,43.349822998046875,51.64311218261719,154.11761474609375,151.64614868164062,75.5452880859375,39.94207763671875,44.4045524597168,142.78250122070312,119.0992431640625
2025-10-30,42.67395782470703,113.588623046875,43.09368896484375,51.78190994262695,153.73004150390625,149.78131103515625,75.46636199951172,40.16807174682617,44.21727752685547,143.099853515625,116.40998840332031
2025-10-31,42.42634582519531,114.07548522949219,43.4089241027832,51.92070770263672,154.0977325439453,149.92588806152344,75.24933624267578,40.18772506713867,43.91171646118164,143.05026245117188,119.48768615722656
2025-11-03,42.16387176513672,112.86328887939453,43.41385269165039,51.702598571777344,153.4418182373047,150.53919982910156,74.65744018554688,40.11894226074219,43.93635940551758,143.2485809326172,120.60821533203125
2025-11-04,41.955875396728516,112.0882797241211,42.945926666259766,51.970279693603516,151.66294860839844,146.565185546875,74.9632568359375,40.22702407836914,43.77865219116211,143.89320373535156,118.60621643066406
2025-11-05,42.2034912109375,112.69438171386719,43.05921173095703,52.14873504638672,152.249267578125,147.13861083984375,74.91393280029297,40.21719741821289,43.78850555419922,144.44854736328125,120.05044555664062
2025-11-06,41.9954948425293,111.68090057373047,43.477882385253906,51.96036911010742,151.64305114746094,144.1817626953125,74.57852172851562,40.02067947387695,43.5963020324707,144.7261962890625,117.27653503417969
2025-11-07,42.50062942504883,111.39276123046875,44.103431701660156,52.32719039916992,152.37847900390625,143.68313598632812,75.67352294921875,40.55127716064453,44.202491760253906,144.92454528808594,117.4607925415039
2025-11-10,42.901763916015625,112.5552749633789,44.50239944458008,52.51556396484375,153.24307250976562,147.35800170898438,75.39730834960938,40.52180480957031,44.18770980834961,146.0550537109375,119.00463104248047
2025-11-11,43.347469329833984,113.4693832397461,45.0836181640625,52.753501892089844,153.28282165527344,146.10147094726562,76.38379669189453,40.973793029785156,44.21234893798828,149.42677307128906,119.29845428466797
2025-11-12,43.65451431274414,112.81361389160156,44.453147888183594,53.20955276489258,153.431884765625,146.5552215576172,76.27528381347656,40.6495361328125,44.31584167480469,151.54898071289062,118.49665832519531
2025-11-13,43.367279052734375,111.21391296386719,44.566436767578125,52.525474548339844,151.05673217773438,142.90029907226562,76.27528381347656,40.11894226074219,43.70472717285156,151.4696502685547,115.53846740722656
2025-11-14,42.97109603881836,110.61775207519531,45.32497024536133,52.000022888183594,151.066650390625,143.67816162109375,76.21609497070312,40.23685073852539,43.74415588378906,150.5672149658203,114.98567962646484
2025-11-17,42.31739044189453,110.46870422363281,44.497474670410156,51.008602142333984,149.58592224121094,141.42938232421875,75.73271179199219,39.971553802490234,44.13842010498047,150.43829345703125,113.90499114990234
2025-11-18,42.35205841064453,111.09468078613281,44.85211181640625,50.92928695678711,148.92007446289062,139.13072204589844,76.0582504272461,40.11894226074219,43.970855712890625,151.32089233398438,111.80339050292969
2025-11-19,42.46100997924805,110.47864532470703,44.27090072631836,51.11766052246094,149.41697692871094,140.09803771972656,75.47622680664062,39.80451202392578,43.60123062133789,151.0630645751953,111.80836486816406
2025-11-20,41.827117919921875,109.26644897460938,43.76849365234375,50.6715202331543,146.91261291503906,135.7001953125,76.018798828125,39.66695022583008,43.379451751708984,150.16061401367188,110.1400375366211
2025-11-21,42.763099670410156,111.1841049194336,44.0443229675293,51.22671127319336,148.70143127441406,136.2237548828125,76.84745025634766,40.18772506713867,43.44352340698242,153.3240966796875,112.30139923095703
2025-11-24,42.847286224365234,112.28700256347656,43.92118453979492,51.444828033447266,149.0691375732422,139.4697723388672,75.95960998535156,40.24667739868164,43.93635940551758,153.96868896484375,113.8004150390625
2025-11-25,43.48613739013672,113.56875610351562,43.645355224609375,52.08925247192383,150.9772186279297,139.84375,77.00528717041016,40.57093048095703,43.76879119873047,157.44949340820312,116.23567962646484
2025-11-26,44.0209846496582,113.72772216796875,43.975364685058594,52.49573516845703,151.8517608642578,141.49917602539062,77.84380340576172,40.74779510498047,44.350341796875,157.10240173339844,117.03250122070312
2025-11-28,44.27355194091797,114.65177917480469,44.55165481567383,52.872474670410156,152.73623657226562,142.7158203125,78.29759216308594,40.94430923461914,44.66575622558594,156.33880615234375,117.75959777832031
2025-12-01,44.16460037231445,114.11522674560547,44.98017883300781,52.436248779296875,150.50021362304688,142.7806396484375,78.21867370605469,40.374412536621094,43.620941162109375,153.99842834472656,117.8293228149414
2025-12-02,43.763465881347656,114.4927978515625,44.39896774291992,52.38667678833008,151.81199645996094,144.25157165527344,77.7056884765625,40.27615737915039,43.31045913696289,153.076171875,117.74964141845703
2025-12-03,44.07050704956055,114.39344024658203,45.23138427734375,53.0905876159668,153.25302124023438,144.5956268310547,77.76488494873047,40.354759216308594,43.17245864868164,153.79019165039062,119.01956939697266
2025-12-04,43.81298828125,115.0492172241211,45.42348098754883,53.19964599609375,154.04803466796875,145.13414001464844,77.3900146484375,40.285980224609375,43.0837516784668,152.6199951171875,118.59626007080078
2025-12-05,43.66937255859375,116.38064575195312,45.236305236816406,53.2194709777832,153.62071228027344,146.19619750976562,77.39988708496094,40.27615737915039,42.67962646484375,151.9853057861328,119.25363159179688
2025-12-08,43.065189361572266,115.5162124633789,44.743751525878906,53.02118682861328,153.431884765625,147.22337341308594,76.75865936279297,40.03050994873047,42.10793685913086,150.1705322265625,117.52054595947266
2025-12-09,42.97604751586914,115.64537811279297,45.019588470458984,52.82290267944336,152.30889892578125,147.61228942871094,76.93622589111328,39.7946891784668,42.13750457763672,148.71278381347656,117.5105972290039
2025-12-10,43.81794357299805,116.32102966308594,45.49243927001953,53.427669525146484,155.09152221679688,148.32032775878906,77.16313171386719,39.87329864501953,42.11779022216797,150.8746337890625,119.23370361328125
2025-12-11,44.689544677734375,116.06269073486328,45.27571487426758,54.399261474609375,156.75115966796875,147.5624237060547,77.73529052734375,40.08946228027344,42.4233512878418,152.30267333984375,119.70184326171875
2025-12-12,44.719261169433594,115.80435943603516,44.83241271972656,54.47857666015625,155.76730346679688,143.29421997070312,78.34690856933594,40.04033279418945,42.21636199951172,152.77867126464844,120.21976470947266
2025-12-15,44.689544677734375,115.82421875,44.51717758178711,54.51823425292969,156.0157470703125,141.90805053710938,78.5639419555664,40.197547912597656,42.600772857666016,154.80169677734375,121.24568176269531
2025-12-16,44.5706901550293,115.90371704101562,43.1577262878418,54.171234130859375,155.09152221679688,142.16732788085938,78.20880126953125,39.843814849853516,42.4233512878418,152.78858947753906,121.44487762451172
2025-12-17,44.758872985839844,115.06908416748047,44.11328125,54.16132354736328,152.5772247314453,139.0060577392578,78.57380676269531,40.02067947387695,42.147361755371094,152.5109100341797,120.04048919677734
2025-12-18,44.73906707763672,115.72486877441406,43.47296142578125,54.07209396362305,153.57101440429688,141.150146484375,78.1200180053711,39.7750358581543,42.561344146728516,152.62991333007812,121.85324096679688
2025-12-19,44.937156677246094,115.77454376220703,43.47296142578125,54.3695182800293,154.8927764892578,144.20172119140625,77.71556091308594,39.627647399902344,42.01922607421875,153.65135192871094,121.36519622802734
2025-12-22,45.467796325683594,116.28890991210938,43.92301940917969,55.03709030151367,156.6099395751953,144.979736328125,77.44408416748047,39.921669006347656,42.17513656616211,154.6641845703125,122.0947265625
2025-12-23,45.54744338989258,117.01658630371094,44.21113586425781,55.14652633666992,156.55010986328125,145.7687530517578,77.07616424560547,39.911739349365234,42.324092864990234,154.35545349121094,121.9250717163086
2025-12-24,45.637046813964844,117.71435546875,44.08198165893555,55.44499206542969,157.05868530273438,146.1183319091797,77.68274688720703,40.17000198364258,42.51277542114258,155.16213989257812,122.34423065185547
2025-12-26,45.905853271484375,117.59474182128906,43.9130859375,55.33555221557617,156.76950073242188,146.34803771972656,77.79212951660156,40.24946975708008,42.48298263549805,155.41111755371094,121.8053207397461
2025-12-29,45.53749084472656,117.5149917602539,44.33035659790039,55.03709030151367,156.43045043945312,145.68885803222656,77.84185028076172,40.358734130859375,42.56242752075195,155.17208862304688,120.60771942138672
2025-12-30,45.52753448486328,117.9137191772461,44.66815185546875,54.897804260253906,155.98170471191406,145.22943115234375,77.71257781982422,40.44813537597656,42.6617317199707,155.04261779785156,120.11870574951172
2025-12-31,45.14921569824219,117.34553527832031,44.41977310180664,54.48990249633789,154.6853485107422,143.7912139892578,77.24520874023438,40.08060073852539,42.39360809326172,154.16622924804688,119.17060852050781
2026-01-02,45.91580581665039,116.52814483642578,45.35367202758789,54.64908218383789,157.53733825683594,144.1208038330078,77.2551498413086,40.11040496826172,42.88020706176758,154.87332153320312,118.11273193359375
2026-01-05,46.37377166748047,117.37544250488281,46.58562088012695,55.84294891357422,159.402099609375,144.44039916992188,76.91705322265625,40.16006851196289,42.403541564941406,154.40524291992188,120.05882263183594
2026-01-06,47.289695739746094,116.95677947998047,45.34373474121094,56.111568450927734,161.56602478027344,146.46788024902344,77.03638458251953,40.42826843261719,42.61207962036133,157.4427490234375,120.82727813720703
2026-01-07,46.47332763671875,116.71753692626953,44.8370475769043,55.32560729980469,158.52456665039062,146.34803771972656,76.1911392211914,39.872005462646484,41.57929992675781,159.00633239746094,120.65762329101562
2026-01-08,47.289695739746094,117.1063003540039,46.24782943725586,55.6141242980957,159.72120666503906,144.06088256835938,78.0009536743164,40.17000198364258,41.69847106933594,157.47262573242188,122.67356872558594
2026-01-09,48.046329498291016,117.5349349975586,46.36705017089844,55.44499206542969,161.47625732421875,145.968505859375,78.8064193725586,40.2296028137207,42.2148551940918,156.66595458984375,124.16058349609375
2026-01-12,48.305179595947266,117.17607879638672,46.03919219970703,55.00724411010742,162.71279907226562,146.6077117919922,79.73121643066406,40.34880065917969,42.28437423706055,156.7356719970703,124.27035522460938
2026-01-13,48.514251708984375,116.51817321777344,46.694908142089844,53.95266342163086,163.55043029785156,146.298095703125,80.656005859375,40.65673065185547,42.55249786376953,156.09829711914062,123.96098327636719
2026-01-14,48.53416442871094,116.26896667480469,47.74802780151367,53.87307357788086,163.80972290039062,144.5203094482422,81.76974487304688,41.1136589050293,42.87027359008789,157.2136993408203,122.00491333007812
2026-01-15,48.74323272705078,115.84033966064453,47.30094909667969,54.09194564819336,165.3154754638672,145.2793731689453,81.9089584350586,41.421592712402344,43.307220458984375,156.31739807128906,122.45401000976562
2026-01-16,48.464473724365234,114.80364227294922,47.380428314208984,54.16158676147461,166.43234252929688,145.4391632080078,81.6504135131836,41.928184509277344,43.088748931884766,155.10238647460938,122.05481719970703
2026-01-20,47.97663879394531,113.10905456542969,47.291011810302734,52.92793273925781,163.07179260253906,141.6638641357422,81.89900970458984,41.12359619140625,42.6617317199707,154.76376342773438,118.88118743896484
2026-01-21,49.021995544433594,114.2653579711914,48.43354797363281,53.18659973144531,165.89385986328125,143.63140869140625,81.97856903076172,41.27259063720703,42.721317291259766,157.612060546875,121.1566162109375
2026-01-22,49.30075454711914,115.88021087646484,48.59251022338867,53.534812927246094,165.03627014160156,144.70008850097656,81.80950927734375,40.86532974243164,42.41346740722656,157.64193725585938,122.37417602539062
2026-01-23,49.74876403808594,116.58795166015625,48.87069320678711,52.7985954284668,163.75985717773438,144.90982055664062,82.44593811035156,40.97459411621094,42.26451110839844,156.8352508544922,122.88314819335938
2026-01-26,49.808494567871094,117.39537048339844,48.90049743652344,53.13685607910156,163.91940307617188,145.8986053466797,82.31665802001953,40.94479751586914,42.572357177734375,157.45272827148438,122.07477569580078
2026-01-27,49.75871658325195,116.52814483642578,49.34757614135742,52.72895431518555,164.59750366210938,147.86614990234375,82.69453430175781,40.97459411621094,43.12847137451172,154.81356811523438,122.44403076171875
2026-01-28,49.728851318359375,116.37862396240234,49.7251091003418,52.7190055847168,163.68008422851562,149.044677734375,81.85923767089844,40.57726287841797,43.02916717529297,153.67823791503906,121.52587127685547
2026-01-29,49.778629302978516,119.40895080566406,50.18212127685547,53.27614212036133,165.395263671875,146.68760681152344,81.67029571533203,41.09379196166992,43.02916717529297,153.19024658203125,120.94703674316406
2026-01-30,49.05186080932617,119.69802856445312,50.7186164855957,53.16670227050781,164.9764404296875,143.7013397216797,83.0425796508789,41.15339279174805,42.94972229003906,154.10647583007812,120.92707824707031
2026-02-02,49.430179595947266,119.2893295288086,49.7251091003418,53.753684997558594,167.06057739257812,145.07960510253906,84.02703094482422,40.68653106689453,42.324092864990234,155.05258178710938,121.72547912597656
2026-02-03,50.475528717041016,117.36547088623047,51.334590911865234,53.25624084472656,168.4666290283203,141.903564453125,85.38936614990234,40.537532806396484,42.93979263305664,153.46910095214844,120.7474365234375
2026-02-04,51.66025924682617,116.428466796875,52.487064361572266,53.684043884277344,168.9153594970703,137.94847106933594,86.50309753417969,41.18319320678711,42.78090286254883,155.3911895751953,119.85922241210938
2026-02-05,50.27641296386719,115.84033966064453,51.871089935302734,53.01747131347656,167.89822387695312,135.46157836914062,86.43348693847656,40.95472717285156,42.80076217651367,154.2060546875,117.2744140625
2026-02-06,51.28194046020508,115.39176940917969,52.90433883666992,53.98250961303711,172.69473266601562,140.95474243164062,87.44778442382812,41.70965576171875,43.04902648925781,157.06431579589844,117.75344848632812
2026-02-09,51.948978424072266,116.5082015991211,53.291805267333984,53.664146423339844,173.21328735351562,143.1719970703125,86.94063568115234,41.967918395996094,43.178123474121094,155.6800079345703,117.31433868408203
2026-02-10,52.675743103027344,117.20597839355469,53.23219680786133,53.27614212036133,173.42269897460938,142.37298583984375,86.66220092773438,42.553977966308594,43.89312744140625,154.69406127929688,118.0927734375
2026-02-11,53.382598876953125,116.36865234375,54.62310791015625,52.47028350830078,174.35009765625,142.79246520996094,87.90520477294922,42.514244079589844,44.280418395996094,155.61029052734375,117.52391815185547
2026-02-12,52.596099853515625,114.27532958984375,53.629600524902344,51.42565155029297,172.2659454345703,139.03713989257812,88.7106704711914,42.583778381347656,44.93583679199219,155.36131286621094,115.89717864990234
2026-02-13,53.073974609375,114.21552276611328,53.997196197509766,51.385860443115234,173.68197631835938,139.38668823242188,89.00899505615234,43.209571838378906,46.17715835571289,157.02447509765625,115.94708251953125
2026-02-17,52.4666748046875,114.03609466552734,53.401092529296875,51.93304443359375,174.5894317626953,139.30679321289062,87.7063217163086,43.64663314819336,46.05799102783203,156.7257080078125,115.80736541748047
2026-02-18,52.78525924682617,114.2254867553711,54.42440414428711,52.32105255126953,174.54953002929688,140.73501586914062,87.5472183227539,43.06057357788086,45.2933349609375,157.02447509765625,116.78539276123047
2026-02-19,52.596099853515625,114.77374267578125,54.82181167602539,51.88330078125,175.84588623046875,140.035888671875,87.17929077148438,42.91157531738281,45.78986358642578,156.61614990234375,116.0069580078125
2026-02-20,52.725521087646484,116.428466796875,54.52375793457031,52.22156524658203,176.7333984375,140.70506286621094,87.39805603027344,43.26917266845703,46.008338928222656,156.17796325683594,117.21453094482422
2026-02-23,52.725521087646484,114.9930419921875,54.79200744628906,50.47056198120117,174.34011840820312,138.34799194335938,88.47201538085938,43.31884002685547,46.35590744018555,157.8909149169922,114.75946807861328
2026-02-24,53.12375259399414,115.7905044555664,54.74232864379883,50.71928405761719,176.48410034179688,140.145751953125,89.23770141601562,43.43803787231445,46.87229919433594,157.22366333007812,116.5059585571289
2026-02-25,52.82508087158203,116.1294174194336,54.51382064819336,51.604732513427734,175.10797119140625,142.8323974609375,88.51179504394531,43.14997100830078,47.031185150146484,157.18382263183594,116.85525512695312
2026-02-26,52.76534652709961,116.34871673583984,54.69265365600586,52.231510162353516,176.2048797607422,140.8348846435547,88.36263275146484,43.338706970214844,46.85243606567383,156.77549743652344,116.81533813476562
2026-02-27,53.17353057861328,117.67449188232422,55.557003021240234,51.16698455810547,176.64364624023438,138.58767700195312,89.50619506835938,43.54730224609375,47.398616790771484,159.5441131591797,116.62571716308594
2026-03-02,53.01424026489258,117.49506378173828,56.66973876953125,51.03764724731445,178.39871215820312,139.36671447753906,88.21347045898438,43.626766204833984,47.041114807128906,157.88095092773438,115.18860626220703
2026-03-03,51.71003723144531,117.58477020263672,56.15311050415039,50.9481086730957,174.9484100341797,137.32925415039062,87.24889373779297,43.40823745727539,46.74319839477539,156.09829711914062,114.13072967529297
2026-03-04,51.69012451171875,118.4121322631836,55.825252532958984,51.23662567138672,175.4769287109375,139.6663360595703,86.67214965820312,43.46783447265625,46.941810607910156,156.4070281982422,116.15666198730469
2026-03-05,50.60495376586914,118.06324768066406,56.11336898803711,50.9680061340332,171.577880859375,140.00592041015625,84.93194580078125,43.05064010620117,46.57438278198242,153.27987670898438,116.31634521484375
2026-03-06,49.63924789428711,117.08636474609375,56.20278549194336,50.31138229370117,169.4638214111328,137.1195068359375,85.29986572265625,42.60364532470703,46.41549301147461,152.0748291015625,114.2105712890625
2026-03-09,49.768672943115234,117.18604278564453,55.954410552978516,50.072608947753906,170.46102905273438,139.58644104003906,85.48880767822266,42.69304275512695,46.52472686767578,153.62843322753906,114.36026763916016
2026-03-10,49.65916061401367,117.0066146850586,55.23908233642578,49.80398941040039,169.54360961914062,139.58644104003906,85.24020385742188,42.63344192504883,46.23674011230469,152.52297973632812,114.2105712890625
2026-03-11,49.61933517456055,116.62782287597656,56.61012649536133,49.38613510131836,169.0150909423828,140.25559997558594,84.11652374267578,42.12685012817383,45.84944534301758,152.22421264648438,113.91117095947266
2026-03-12,49.460044860839844,114.90332794189453,57.13668441772461,48.58028030395508,164.77700805664062,137.6688232421875,83.77843475341797,41.85865020751953,46.17715835571289,149.54522705078125,111.29642486572266
2026-03-13,48.97221374511719,114.0859375,57.3254508972168,48.63997268676758,164.1886444091797,136.630126953125,84.26568603515625,41.967918395996094,46.63396072387695,149.17672729492188,110.63774871826172
2026-03-16,49.1812858581543,114.96314239501953,57.52415466308594,49.047874450683594,165.59469604492188,138.607666015625,84.50434875488281,42.29571533203125,46.93187713623047,150.39173889160156,111.97505950927734
2026-03-17,49.30075454711914,115.00301361083984,58.130191802978516,49.306549072265625,166.03346252441406,139.36671447753906,84.22591400146484,42.43478012084961,46.80278396606445,149.02735900878906,112.95309448242188
2026-03-18,48.265357971191406,113.29845428466797,58.05071258544922,48.719566345214844,164.7171630859375,137.78868103027344,82.17744445800781,41.73945236206055,46.40555953979492,146.53758239746094,110.34832763671875
2026-03-19,47.52863693237305,112.78010559082031,58.97467803955078,48.739463806152344,163.6002960205078,138.25808715820312,81.51119232177734,41.64011764526367,46.216880798339844,146.009765625,109.48007202148438
2026-03-20,46.77199935913086,111.87300109863281,58.92500305175781,48.829002380371094,161.2169952392578,135.1219940185547,80.83499908447266,40.319000244140625,44.340003967285156,144.73500061035156,107.52400207519531
2026-03-23,47.54999923706055,112.70999908447266,59.630001068115234,49.27000045776367,163.0500030517578,136.9499969482422,81.18000030517578,40.619998931884766,44.779998779296875,144.77000427246094,110.12000274658203
2026-03-24,48.45000076293945,111.12999725341797,60.84000015258789,49.279998779296875,164.0,136.14999389648438,81.11000061035156,40.290000915527344,45.09000015258789,144.7899932861328,109.68000030517578
2026-03-25,49.40999984741211,111.44000244140625,60.56999969482422,49.34000015258789,165.10000610351562,136.75999450683594,81.51000213623047,40.27000045776367,45.25,146.24000549316406,110.7300033569336
2026-03-26,49.09000015258789,108.80999755859375,61.52000045776367,49.04999923706055,161.27000427246094,132.5,81.13999938964844,40.290000915527344,45.33000183105469,145.74000549316406,108.83000183105469
2026-03-27,48.90999984741211,107.04000091552734,62.560001373291016,47.810001373291016,159.1999969482422,129.9199981689453,81.77999877929688,40.0099983215332,45.59000015258789,143.25999450683594,105.68000030517578
2026-03-30,49.09000015258789,107.95999908447266,61.959999084472656,48.36000061035156,156.61000061035156,127.5,81.87999725341797,40.209999084472656,45.91999816894531,143.82000732421875,105.66000366210938
2026-03-31,49.970001220703125,110.86000061035156,61.2599983215332,49.369998931884766,161.72999572753906,132.89999389648438,81.9800033569336,40.83000183105469,45.88999938964844,146.61000061035156,108.9800033569336
2026-04-01,50.459999084472656,111.23999786376953,58.970001220703125,49.439998626708984,164.42999267578125,134.91000366210938,81.45999908447266,40.95000076293945,46.11000061035156,147.72999572753906,109.80000305175781
2026-04-02,50.40999984741211,111.69999694824219,59.25,49.529998779296875,163.77000427246094,135.99000549316406,81.88999938964844,41.61000061035156,46.34000015258789,146.80999755859375,108.1500015258789
2026-04-06,50.220001220703125,111.76000213623047,59.68000030517578,49.880001068115234,164.61000061035156,136.77999877929688,82.66000366210938,41.7599983215332,46.16999816894531,146.27999877929688,109.04000091552734
2026-04-07,50.08000183105469,111.81999969482422,60.15999984741211,49.880001068115234,164.27999877929688,137.42999267578125,81.26000213623047,41.720001220703125,46.27000045776367,146.57000732421875,107.7699966430664
2026-04-08,51.75,113.80999755859375,58.04999923706055,51.20000076293945,170.44000244140625,141.69000244140625,82.77999877929688,42.439998626708984,46.779998779296875,149.6699981689453,110.81999969482422
2026-04-09,51.66999816894531,114.2699966430664,57.33000183105469,51.33000183105469,172.19000244140625,142.07000732421875,83.44999694824219,42.72999954223633,47.150001525878906,149.3300018310547,112.73999786376953
2026-04-10,51.959999084472656,113.94999694824219,56.939998626708984,50.77000045776367,171.52000427246094,142.6199951171875,82.37000274658203,42.81999969482422,46.959999084472656,147.30999755859375,112.88999938964844
2026-04-13,52.189998626708984,114.81999969482422,57.11000061035156,51.65999984741211,172.72999572753906,145.61000061035156,81.55000305175781,43.02000045776367,46.38999938964844,147.97000122070312,113.91999816894531
2026-04-14,52.0099983215332,116.55999755859375,55.95000076293945,51.779998779296875,173.35000610351562,147.94000244140625,81.47000122070312,43.43000030517578,46.470001220703125,148.8300018310547,116.44000244140625
2026-04-15,51.380001068115234,117.36000061035156,55.7599983215332,52.16999816894531,171.17999267578125,150.3000030517578,81.05999755859375,43.40999984741211,46.02000045776367,147.77000427246094,118.18000030517578
2026-04-16,51.75,118.83000183105469,56.58000183105469,52.029998779296875,170.3300018310547,152.02000427246094,81.43000030517578,43.810001373291016,46.349998474121094,146.61000061035156,117.62999725341797
2026-04-17,51.880001068115234,119.0999984741211,55.02000045776367,52.43000030517578,173.50999450683594,154.35000610351562,82.45999908447266,44.47999954223633,46.15999984741211,148.8000030517578,120.41000366210938
2026-04-20,52.22999954223633,118.75,55.06999969482422,52.630001068115234,173.89999389648438,154.55999755859375,82.38999938964844,44.63999938964844,45.75,147.4199981689453,119.87000274658203
2026-04-21,51.77000045776367,117.16000366210938,55.869998931884766,52.29999923706055,171.44000244140625,154.69000244140625,81.83999633789062,43.779998779296875,44.95000076293945,145.9199981689453,118.97000122070312
2026-04-22,51.83000183105469,117.87999725341797,56.540000915527344,52.209999084472656,171.0399932861328,158.08999633789062,82.11000061035156,43.459999084472656,44.869998931884766,146.3800048828125,118.93000030517578
2026-04-23,51.810001373291016,117.38999938964844,56.97999954223633,51.79999923706055,174.07000732421875,155.83999633789062,83.4800033569336,43.959999084472656,46.09000015258789,146.24000549316406,117.73999786376953
2026-04-24,51.91999816894531,115.54000091552734,56.869998931884766,51.41999816894531,172.47000122070312,160.22000122070312,83.2300033569336,43.83000183105469,46.18000030517578,144.17999267578125,118.69000244140625
2026-04-27,51.779998779296875,115.80999755859375,56.77000045776367,51.810001373291016,172.50999450683594,160.57000732421875,82.33999633789062,43.4900016784668,46.189998626708984,143.4600067138672,117.83999633789062
2026-04-28,51.400001525878906,115.75,57.709999084472656,51.849998474121094,170.97999572753906,157.85000610351562,83.08000183105469,43.90999984741211,46.25,143.83999633789062,117.01000213623047
2026-04-29,50.959999084472656,115.29000091552734,59.029998779296875,51.91999816894531,169.92999267578125,159.11000061035156,82.91999816894531,43.63999938964844,45.68000030517578,142.83999633789062,116.83999633789062
2026-04-30,51.470001220703125,116.51000213623047,59.650001525878906,52.130001068115234,174.5800018310547,159.5,84.30999755859375,44.400001525878906,46.849998474121094,145.99000549316406,118.3499984741211
2026-05-01,51.349998474121094,116.72000122070312,58.849998474121094,51.91999816894531,172.9600067138672,161.8699951171875,84.16999816894531,44.31999969482422,46.54999923706055,145.16000366210938,118.62999725341797
2026-05-04,50.650001525878906,116.0999984741211,59.38999938964844,51.58000183105469,170.97999572753906,162.0500030517578,83.54000091552734,44.08000183105469,46.369998931884766,144.72999572753906,117.72000122070312
2026-05-05,51.529998779296875,115.62999725341797,59.45000076293945,51.59000015258789,172.41000366210938,165.6300048828125,84.05999755859375,44.16999816894531,46.369998931884766,145.3000030517578,118.06999969482422
2026-05-06,52.40999984741211,117.3499984741211,57.0,51.84000015258789,176.8699951171875,170.02999877929688,84.23999786376953,44.7400016784668,45.709999084472656,145.39999389648438,119.87000274658203
2026-05-07,51.400001525878906,117.37999725341797,55.95000076293945,51.54999923706055,174.0,169.69000244140625,83.9800033569336,44.400001525878906,45.119998931884766,144.72000122070312,119.87999725341797
2026-05-08,51.59000015258789,116.94000244140625,55.70000076293945,51.2400016784668,173.1999969482422,175.52000427246094,84.18000030517578,44.40999984741211,44.720001220703125,143.49000549316406,120.19999694824219
2026-05-11,52.2599983215332,115.58000183105469,57.16999816894531,51.18000030517578,175.0399932861328,177.8800048828125,83.37000274658203,44.56999969482422,45.13999938964844,143.0399932861328,119.37000274658203
2026-05-12,52.13999938964844,115.86000061035156,57.56999969482422,51.58000183105469,174.35000610351562,175.1999969482422,84.44000244140625,44.58000183105469,45.189998626708984,145.85000610351562,118.29000091552734
